순번,시험명,시험구분,회차,시험일,시험시작시간,접수시작일,접수마감일,시험장소,합격자발표일,시험유형
1,DAsP(데이터아키텍처 준전문가),일반검정,1,2006-03-25,09:00:00,2005-12-26,2006-01-25,제1회 DAsP : (서울)연세대학교 법과대학,2006-04-25,필기
2,DAP(국가공인 데이터아키텍처 전문가),일반검정,1,2006-03-25,09:00:00,2005-12-26,2006-01-25,제1회 DAP : (서울)연세대학교 법과대학,2006-04-25,필기
3,DAsP(데이터아키텍처 준전문가),일반검정,2,2006-07-15,09:00:00,2006-03-26,2006-05-15,제2회 DAsP : (서울)연세대학교 법과대학,2006-08-15,필기
4,DAP(국가공인 데이터아키텍처 전문가),일반검정,2,2006-07-15,09:00:00,2006-03-26,2006-05-15,제2회 DAP : (서울)연세대학교 법과대학,2006-08-15,필기
5,DAsP(데이터아키텍처 준전문가),일반검정,3,2006-11-11,09:00:00,2006-07-16,2006-09-11,제3회 DAsP : (서울)연세대학교 법과대학,2006-12-11,필기
6,DAP(국가공인 데이터아키텍처 전문가),일반검정,3,2006-11-11,09:00:00,2006-07-16,2006-09-11,제3회 DAP : (서울)연세대학교 법과대학,2006-12-11,필기
7,DAP(국가공인 데이터아키텍처 전문가),일반검정,4,2007-03-17,09:00:00,2006-11-12,2007-01-17,제4회 DAP : (서울)연세대학교 법과대학,2007-04-17,필기
8,DAsP(데이터아키텍처 준전문가),일반검정,4,2007-03-17,09:00:00,2006-11-12,2007-01-17,제4회 DAsP : 동국대학교 사회과학관(동국관) 4층,2007-04-17,필기
9,DAsP(데이터아키텍처 준전문가),일반검정,5,2007-07-14,09:00:00,2007-03-18,2007-05-14,제5회 DAsP : (부산) 부경대학교 종합강의동,2007-08-14,필기
10,DAsP(데이터아키텍처 준전문가),일반검정,5,2007-07-14,09:00:00,2007-03-18,2007-05-14,제5회 DAsP : (서울) 동국대학교 법학관(만해관)2층,2007-08-14,필기
11,DAP(국가공인 데이터아키텍처 전문가),일반검정,5,2007-07-14,09:00:00,2007-03-18,2007-05-14,제5회 DAP : (서울)연세대학교 법과대학,2007-08-14,필기
12,DAsP(데이터아키텍처 준전문가),특별검정,1,2007-11-17,09:00:00,2007-07-15,2007-09-17,[특별검정] 제1회 DAsP : 인하공업전문대학교,2007-12-17,필기
13,DAP(국가공인 데이터아키텍처 전문가),일반검정,6,2007-11-17,09:00:00,2007-07-15,2007-09-17,제6회 DAP : (서울)연세대학교 법과대학,2007-12-17,필기
14,DAsP(데이터아키텍처 준전문가),일반검정,1,2007-11-17,09:00:00,2007-07-15,2007-09-17,제1회 DAsP : (서울)연세대학교 법과대학,2007-12-17,필기
15,DAP(국가공인 데이터아키텍처 전문가),일반검정,1,2007-11-17,09:00:00,2007-07-15,2007-09-17,제1회 DAP : (서울)연세대학교 법과대학,2007-12-17,필기
16,DAsP(데이터아키텍처 준전문가),일반검정,6,2008-03-15,09:00:00,2007-11-18,2008-01-15,제6회 DAsP : (서울)동국대학교 문화관,2008-04-15,필기
17,DAP(국가공인 데이터아키텍처 전문가),일반검정,7,2008-03-15,09:00:00,2007-11-18,2008-01-15,제7회 DAP : (서울)연세대학교 법과대학,2008-04-15,필기
18,DAsP(데이터아키텍처 준전문가),일반검정,2,2008-03-15,09:00:00,2007-11-18,2008-01-15,제2회 DAsP : (서울)연세대학교 법과대학,2008-04-15,필기
19,DAP(국가공인 데이터아키텍처 전문가),일반검정,2,2008-03-15,09:00:00,2007-11-18,2008-01-15,제2회 DAP : (서울)연세대학교 법과대학,2008-04-15,필기
20,DAsP(데이터아키텍처 준전문가),일반검정,7,2008-07-12,09:00:00,2008-03-16,2008-05-12,제7회 DAsP : (서울)동국대학교 법학관,2008-08-12,필기
21,DAP(국가공인 데이터아키텍처 전문가),일반검정,8,2008-07-12,09:00:00,2008-03-16,2008-05-12,제8회 DAP : (서울)연세대학교 법과대학,2008-08-12,필기
22,DAsP(데이터아키텍처 준전문가),일반검정,3,2008-07-12,09:00:00,2008-03-16,2008-05-12,제3회 DAsP : (서울)연세대학교 법과대학,2008-08-12,필기
23,DAP(국가공인 데이터아키텍처 전문가),일반검정,3,2008-07-12,09:00:00,2008-03-16,2008-05-12,제3회 DAP : (서울)연세대학교 법과대학,2008-08-12,필기
24,DAP(국가공인 데이터아키텍처 전문가),일반검정,9,2008-11-15,13:00:00,2008-07-13,2008-09-15,제9회 DAP : 동국대학교 사회과학관(동국관) 4층,2008-12-15,필기
25,DAP(국가공인 데이터아키텍처 전문가),일반검정,4,2008-11-15,09:00:00,2008-07-13,2008-09-15,제4회 DAP : (서울)연세대학교 법과대학,2008-12-15,필기
26,DAsP(데이터아키텍처 준전문가),일반검정,4,2008-11-15,09:00:00,2008-07-13,2008-09-15,제4회 DAsP : 동국대학교 사회과학관(동국관) 4층,2008-12-15,필기
27,DAsP(데이터아키텍처 준전문가),특별검정,2,2009-02-21,13:00:00,2008-11-16,2008-12-21,[특별검정] 제2회 DAsP : 인하공업전문대학교,2009-03-21,필기
28,DAP(국가공인 데이터아키텍처 전문가),일반검정,10,2009-02-21,13:00:00,2008-11-16,2008-12-21,제10회 DAP : (부산) 부경대학교 종합강의동,2009-03-21,필기
29,DAP(국가공인 데이터아키텍처 전문가),일반검정,10,2009-02-21,13:00:00,2008-11-16,2008-12-21,제10회 DAP : (서울) 동국대학교 법학관(만해관)2층,2009-03-21,필기
30,DAsP(데이터아키텍처 준전문가),일반검정,5,2009-02-21,09:00:00,2008-11-16,2008-12-21,제5회 DAsP : (부산) 부경대학교 종합강의동,2009-03-21,필기
31,DAsP(데이터아키텍처 준전문가),일반검정,5,2009-02-21,09:00:00,2008-11-16,2008-12-21,제5회 DAsP : (서울) 동국대학교 법학관(만해관)2층,2009-03-21,필기
32,DAP(국가공인 데이터아키텍처 전문가),일반검정,5,2009-02-21,09:00:00,2008-11-16,2008-12-21,제5회 DAP : (서울)연세대학교 법과대학,2009-03-21,필기
33,DAsP(데이터아키텍처 준전문가),특별검정,3,2009-07-11,13:00:00,2009-02-22,2009-05-11,[특별검정] 제3회 DAsP : 삼육대학교,2009-08-11,필기
34,DAP(국가공인 데이터아키텍처 전문가),일반검정,11,2009-07-11,13:00:00,2009-02-22,2009-05-11,제11회 DAP : (서울)동국대학교 문화관,2009-08-11,필기
35,DAsP(데이터아키텍처 준전문가),일반검정,6,2009-07-11,09:00:00,2009-02-22,2009-05-11,제6회 DAsP : (서울)동국대학교 문화관,2009-08-11,필기
36,DAP(국가공인 데이터아키텍처 전문가),일반검정,6,2009-07-11,09:00:00,2009-02-22,2009-05-11,제7회 DAP : (서울)연세대학교 법과대학,2009-08-11,필기
37,DAsP(데이터아키텍처 준전문가),일반검정,8,2009-11-14,13:00:00,2009-07-12,2009-09-14,제8회 DAsP : (서울)동국대학교 법학관,2009-12-14,필기
38,DAP(국가공인 데이터아키텍처 전문가),일반검정,12,2009-11-14,13:00:00,2009-07-12,2009-09-14,제12회 DAP : (서울)동국대학교 법학관,2009-12-14,필기
39,DAsP(데이터아키텍처 준전문가),일반검정,7,2009-11-14,13:00:00,2009-07-12,2009-09-14,제7회 DAsP : (서울)동국대학교 법학관,2009-12-14,필기
40,DAP(국가공인 데이터아키텍처 전문가),일반검정,8,2009-11-14,13:00:00,2009-07-12,2009-09-14,제8회 DAP : (서울)연세대학교 법과대학,2009-12-14,필기
41,DAsP(데이터아키텍처 준전문가),특별검정,2,2009-11-30,13:00:00,2009-11-25,2009-11-29,[특별검정] 제2회 DAsP : 인하공업전문대학교,2009-12-10,필기
42,DAP(국가공인 데이터아키텍처 전문가),일반검정,10,2009-11-30,13:00:00,2009-11-25,2009-11-29,제10회 DAP : (부산) 부경대학교 종합강의동,2009-12-10,필기
43,DAP(국가공인 데이터아키텍처 전문가),일반검정,10,2009-11-30,13:00:00,2009-11-25,2009-11-29,제10회 DAP : (서울) 동국대학교 법학관(만해관)2층,2009-12-10,필기
44,DAsP(데이터아키텍처 준전문가),특별검정,1,2009-12-05,09:00:00,2009-11-01,2009-12-01,[특별검정] 제1회 DAsP : 인하공업전문대학교,2009-12-24,필기
45,DAP(국가공인 데이터아키텍처 전문가),일반검정,6,2009-12-05,09:00:00,2009-11-01,2009-12-01,제6회 DAP : (서울)연세대학교 법과대학,2009-12-24,필기
46,DAsP(데이터아키텍처 준전문가),특별검정,3,2009-12-15,13:00:00,2009-12-01,2009-12-14,[특별검정] 제3회 DAsP : 삼육대학교,2009-12-30,필기
47,DAP(국가공인 데이터아키텍처 전문가),일반검정,11,2009-12-15,13:00:00,2009-12-01,2009-12-14,제11회 DAP : (서울)동국대학교 문화관,2009-12-30,필기
48,DAP(국가공인 데이터아키텍처 전문가),일반검정,13,2010-03-13,13:00:00,2009-11-15,2010-01-31,제13회 DAP : (서울)동국대학교 법학관,2010-04-12,필기
49,DAsP(데이터아키텍처 준전문가),일반검정,8,2010-03-13,13:00:00,2009-11-15,2010-01-31,제8회 DAsP : (서울)동국대학교 법학관,2010-04-12,필기
50,DAP(국가공인 데이터아키텍처 전문가),일반검정,12,2010-03-13,13:00:00,2009-11-15,2010-01-31,제12회 DAP : (서울)동국대학교 법학관,2010-04-12,필기
51,DAP(국가공인 데이터아키텍처 전문가),일반검정,14,2010-07-10,13:00:00,2010-03-14,2010-05-10,제14회 DAP : (서울)동국대학교 법학관,2010-08-10,필기
52,DAsP(데이터아키텍처 준전문가),일반검정,9,2010-07-10,13:00:00,2010-03-14,2010-05-10,제9회 DAsP : (서울)동국대학교 법학관,2010-08-10,필기
53,DAsP(데이터아키텍처 준전문가),일반검정,10,2010-11-13,13:00:00,2010-07-11,2010-09-13,제10회 DAsP : (서울) 경기대학교,2010-12-13,필기
54,DAP(국가공인 데이터아키텍처 전문가),일반검정,15,2010-11-13,13:00:00,2010-07-11,2010-09-13,제15회 DAP : (서울) 경기대학교,2010-12-13,필기
55,SQLD(국가공인 SQL 개발자),일반검정,1,2010-12-04,13:00:00,2010-09-27,2010-10-31,제1회 SQLD : (서울) 덕성여대 평생교육원,2011-01-03,필기
56,SQLP(국가공인 SQL 전문가),일반검정,1,2010-12-04,13:00:00,2010-09-27,2010-10-31,제1회 SQLP : (서울) 덕성여대 평생교육원,2011-01-03,필기
57,DAsP(데이터아키텍처 준전문가),특별검정,4,2010-12-08,18:00:00,2010-11-29,2010-12-06,[특별검정] 제4회 DAsP : 삼육대학교,2010-12-31,필기
58,DAP(국가공인 데이터아키텍처 전문가),일반검정,16,2011-03-12,13:00:00,2010-11-14,2011-01-13,제16회 DAP : (서울)동국대학교 법학관,2011-04-13,필기
59,DAsP(데이터아키텍처 준전문가),일반검정,11,2011-03-12,13:00:00,2010-11-14,2011-01-13,제11회 DAsP : (서울) 동국대학교 법학관,2011-04-13,필기
60,SQLP(국가공인 SQL 전문가),일반검정,2,2011-03-26,13:00:00,2010-12-05,2011-01-26,제2회 SQLP : (부산) 부경대학교,2011-04-26,필기
61,SQLP(국가공인 SQL 전문가),일반검정,2,2011-03-26,13:00:00,2010-12-05,2011-01-26,제2회 SQLP : (서울) 동국대학교,2011-04-26,필기
62,SQLD(국가공인 SQL 개발자),일반검정,2,2011-03-26,13:00:00,2010-12-05,2011-01-26,제2회 SQLD : (부산) 부경대학교,2011-04-26,필기
63,SQLD(국가공인 SQL 개발자),일반검정,2,2011-03-26,13:00:00,2010-12-05,2011-01-26,제2회 SQLD : (서울) 동국대학교,2011-04-26,필기
64,SQLD(국가공인 SQL 개발자),특별검정,1,2011-06-30,10:00:00,2011-06-21,2011-06-28,[특별검정] 제1회 SQLD : 국민건강보험공단,2011-07-15,필기
65,DAsP(데이터아키텍처 준전문가),일반검정,12,2011-07-09,13:00:00,2011-03-13,2011-05-09,제12회 DAsP : (서울) 동국대학교 학림관,2011-08-09,필기
66,DAP(국가공인 데이터아키텍처 전문가),일반검정,17,2011-07-09,13:00:00,2011-03-13,2011-05-09,제17회 DAP : (서울) 동국대학교 학림관,2011-08-09,필기
67,SQLP(국가공인 SQL 전문가),일반검정,3,2011-07-23,13:00:00,2011-03-27,2011-05-23,제3회 SQLP : (부산) 부경대학교,2011-08-23,필기
68,SQLP(국가공인 SQL 전문가),일반검정,3,2011-07-23,13:00:00,2011-03-27,2011-05-23,제3회 SQLP : (서울) 덕성여대 평생교육원,2011-08-23,필기
69,SQLD(국가공인 SQL 개발자),일반검정,3,2011-07-23,13:00:00,2011-03-27,2011-05-23,제3회 SQLD : (부산) 부경대학교,2011-08-23,필기
70,SQLD(국가공인 SQL 개발자),일반검정,3,2011-07-23,13:00:00,2011-03-27,2011-05-23,제3회 SQLD : (서울) 덕성여대 평생교육원,2011-08-23,필기
71,DAsP(데이터아키텍처 준전문가),일반검정,13,2011-11-12,13:00:00,2011-07-10,2011-09-15,제13회 DAsP : (부산) 부경대학교,2011-12-12,필기
72,DAsP(데이터아키텍처 준전문가),일반검정,13,2011-11-12,13:00:00,2011-07-10,2011-09-15,제13회 DAsP : (서울) 동국대학교 문화관,2011-12-12,필기
73,DAP(국가공인 데이터아키텍처 전문가),일반검정,18,2011-11-12,13:00:00,2011-07-10,2011-09-15,제18회 DAP : (부산) 부경대학교,2011-12-12,필기
74,DAP(국가공인 데이터아키텍처 전문가),일반검정,18,2011-11-12,13:00:00,2011-07-10,2011-09-15,제18회 DAP : (서울) 동국대학교 문화관,2011-12-12,필기
75,SQLP(국가공인 SQL 전문가),일반검정,4,2011-11-26,13:00:00,2011-07-24,2011-09-29,제4회 SQLP : (부산) 부산대학교 제2공학관(2101호),2011-12-26,필기
76,SQLP(국가공인 SQL 전문가),일반검정,4,2011-11-26,13:00:00,2011-07-24,2011-09-29,제4회 SQLP : (서울) 동국대학교 문화관,2011-12-26,필기
77,SQLD(국가공인 SQL 개발자),일반검정,4,2011-11-26,13:00:00,2011-07-24,2011-09-29,제4회 SQLD : (부산) 부산대학교 제2공학관(2101호),2011-12-26,필기
78,SQLD(국가공인 SQL 개발자),일반검정,4,2011-11-26,13:00:00,2011-07-24,2011-09-29,제4회 SQLD : (서울) 동국대학교 문화관,2011-12-26,필기
79,DAsP(데이터아키텍처 준전문가),특별검정,5,2011-12-07,18:00:00,2011-11-25,2011-12-05,[특별검정] DAsP 삼육대학교 특별검정,2011-12-14,필기
80,DAP(국가공인 데이터아키텍처 전문가),일반검정,19,2012-02-11,13:00:00,2011-11-13,2011-12-31,제19회 DAP : (서울) 동국대학교 법학관,2012-03-12,필기
81,DAP(국가공인 데이터아키텍처 전문가),일반검정,19,2012-02-11,13:00:00,2011-11-13,2011-12-31,제19회 DAP : (부산) 부경대학교 대연캠퍼스,2012-03-12,필기
82,DAsP(데이터아키텍처 준전문가),일반검정,14,2012-02-11,13:00:00,2011-11-13,2011-12-31,제14회 DAsP : (부산) 부경대학교 대연캠퍼스,2012-03-12,필기
83,DAsP(데이터아키텍처 준전문가),일반검정,14,2012-02-11,13:00:00,2011-11-13,2011-12-31,제14회 DAsP : (서울) 동국대학교 법학관,2012-03-12,필기
84,SQLP(국가공인 SQL 전문가),일반검정,5,2012-04-14,13:00:00,2011-11-27,2012-02-14,제5회 SQLP : (부산) 부경대학교 대연캠퍼스,2012-05-14,필기
85,SQLP(국가공인 SQL 전문가),일반검정,5,2012-04-14,13:00:00,2011-11-27,2012-02-14,제5회 SQLP : (서울) 동국대학교 문화관,2012-05-14,필기
86,SQLD(국가공인 SQL 개발자),일반검정,5,2012-04-14,13:00:00,2011-11-27,2012-02-14,제5회 SQLD : (부산) 부경대학교 대연캠퍼스,2012-05-14,필기
87,SQLD(국가공인 SQL 개발자),일반검정,5,2012-04-14,13:00:00,2011-11-27,2012-02-14,제5회 SQLD : (서울) 동국대학교 문화관,2012-05-14,필기
88,DAP(국가공인 데이터아키텍처 전문가),일반검정,20,2012-06-09,13:00:00,2012-02-12,2012-04-09,제20회 DAP : (부산) 부경대학교 대연캠퍼스,2012-07-09,필기
89,DAP(국가공인 데이터아키텍처 전문가),일반검정,20,2012-06-09,13:00:00,2012-02-12,2012-04-09,제20회 DAP : (서울) 동국대학교 명진관,2012-07-09,필기
90,DAsP(데이터아키텍처 준전문가),일반검정,15,2012-06-09,13:00:00,2012-02-12,2012-04-09,제15회 DAsP : (부산) 부경대학교 대연캠퍼스,2012-07-09,필기
91,DAsP(데이터아키텍처 준전문가),일반검정,15,2012-06-09,13:00:00,2012-02-12,2012-04-09,제15회 DAsP : (서울) 동국대학교 명진관,2012-07-09,필기
92,SQLD(국가공인 SQL 개발자),특별검정,2,2012-06-14,10:00:00,2012-05-24,2012-06-02,[특별검정] 제2회 SQLD : 청주대학교,2012-06-22,필기
93,SQLD(국가공인 SQL 개발자),특별검정,2,2012-06-14,10:00:00,2012-05-24,2012-06-02,[특별검정] 제2회 SQLD : 삼육대학교,2012-06-22,필기
94,SQLP(국가공인 SQL 전문가),일반검정,6,2012-08-11,13:00:00,2012-04-15,2012-06-11,제6회 SQLP : (부산) 부경대학교 대연캠퍼스,2012-09-03,필기
95,SQLP(국가공인 SQL 전문가),일반검정,6,2012-08-11,13:00:00,2012-04-15,2012-06-11,제6회 SQLP : (서울) 숭실대학교 형남공학관 1층,2012-09-03,필기
96,SQLD(국가공인 SQL 개발자),일반검정,6,2012-08-11,13:00:00,2012-04-15,2012-06-11,제6회 SQLD : (부산) 부경대학교 대연캠퍼스,2012-09-03,필기
97,SQLD(국가공인 SQL 개발자),일반검정,6,2012-08-11,13:00:00,2012-04-15,2012-06-11,제6회 SQLD : (서울) 숭실대학교 형남공확관 1층,2012-09-03,필기
98,DAP(국가공인 데이터아키텍처 전문가),일반검정,21,2012-10-13,13:00:00,2012-06-10,2012-08-13,제21회 DAP : (부산) 부경대학교 대연캠퍼스,2012-11-06,필기
99,DAP(국가공인 데이터아키텍처 전문가),일반검정,21,2012-10-13,13:00:00,2012-06-10,2012-08-13,제21회 DAP : (서울) 성동공업고등학교 미래관,2012-11-06,필기
100,DAsP(데이터아키텍처 준전문가),일반검정,16,2012-10-13,13:00:00,2012-06-10,2012-08-13,제16회 DAsP : (부산) 부경대학교 대연캠퍼스,2012-11-06,필기
101,DAsP(데이터아키텍처 준전문가),일반검정,16,2012-10-13,13:00:00,2012-06-10,2012-08-13,제16회 DAsP : (서울) 성동공업고등학교 미래관,2012-11-06,필기
102,DAsP(데이터아키텍처 준전문가),특별검정,6,2012-12-05,18:30:00,2012-11-22,2012-12-03,[특별검정] 제6회 DAsP : 삼육대학교,2012-12-13,필기
103,SQLP(국가공인 SQL 전문가),일반검정,7,2012-12-08,13:00:00,2012-08-12,2012-10-08,제7회 SQLP: (부산) 부경대학교 대연캠퍼스,2012-12-27,필기
104,SQLP(국가공인 SQL 전문가),일반검정,7,2012-12-08,13:00:00,2012-08-12,2012-10-08,제7회 SQLP : (서울) 숭실대학교 전산관(2층),2012-12-27,필기
105,SQLD(국가공인 SQL 개발자),특별검정,7,2012-12-08,13:00:00,2012-08-12,2012-10-08,[특별검정]SQLD : 충북대학교,2012-12-27,필기
106,SQLD(국가공인 SQL 개발자),일반검정,7,2012-12-08,13:00:00,2012-08-12,2012-10-08,제7회 SQLD : (부산) 부경대학교 대연캠퍼스,2012-12-27,필기
107,SQLD(국가공인 SQL 개발자),일반검정,7,2012-12-08,13:00:00,2012-08-12,2012-10-08,제7회 SQLD : (서울) 숭실대학교 전산관(4층),2012-12-27,필기
108,SQLD(국가공인 SQL 개발자),일반검정,8,2013-03-09,13:00:00,2012-12-17,2013-02-15,제8회 SQLD : (부산) 부경대학교 대연캠퍼스,2013-04-09,필기
109,SQLD(국가공인 SQL 개발자),일반검정,8,2013-03-09,13:00:00,2012-12-17,2013-02-15,제8회 SQLD : (서울) 동국대학교 명진관,2013-04-09,필기
110,SQLP(국가공인 SQL 전문가),일반검정,8,2013-03-09,13:00:00,2012-12-17,2013-02-15,제8회 SQLP : (부산) 부경대학교 대연캠퍼스,2013-04-09,필기
111,SQLP(국가공인 SQL 전문가),일반검정,8,2013-03-09,13:00:00,2012-12-17,2013-02-15,제8회 SQLP : (서울) 동국대학교 명진관,2013-04-09,필기
112,DAP(국가공인 데이터아키텍처 전문가),일반검정,22,2013-05-25,13:00:00,2013-01-02,2013-05-03,제22회 DAP : (서울) 숭실대 조만식기념관,2013-06-25,필기
113,DAP(국가공인 데이터아키텍처 전문가),일반검정,22,2013-05-25,13:00:00,2013-01-02,2013-05-03,제22회 DAP : (부산)  부경대학교 대연캠퍼스,2013-06-25,필기
114,DAsP(데이터아키텍처 준전문가),일반검정,17,2013-05-25,13:00:00,2013-01-02,2013-05-03,제17회 DAsP : (부산)  부경대학교 대연캠퍼스,2013-06-25,필기
115,DAsP(데이터아키텍처 준전문가),일반검정,17,2013-05-25,13:00:00,2013-01-02,2013-05-03,제17회 DAsP : (대전) 충남대학교,2013-06-25,필기
116,DAsP(데이터아키텍처 준전문가),일반검정,17,2013-05-25,13:00:00,2013-01-02,2013-05-03,제17회 DAsP : (서울) 숭실대학교 전산관(4층),2013-06-25,필기
117,SQLP(국가공인 SQL 전문가),일반검정,9,2013-06-08,13:00:00,2013-03-10,2013-05-16,제9회 SQLP : (대전)  충남대학교,2013-07-08,필기
118,SQLP(국가공인 SQL 전문가),일반검정,9,2013-06-08,13:00:00,2013-03-10,2013-05-16,제9회 SQLP : (부산) 부경대학교 대연캠퍼스,2013-07-08,필기
119,SQLP(국가공인 SQL 전문가),일반검정,9,2013-06-08,13:00:00,2013-03-10,2013-05-16,제9회 SQLP : (서울) 숭실대학교 형남공학관 1층,2013-07-08,필기
120,SQLD(국가공인 SQL 개발자),일반검정,9,2013-06-08,13:00:00,2013-03-10,2013-05-16,제9회 SQLD : (대전) 충남대학교,2013-07-08,필기
121,SQLD(국가공인 SQL 개발자),일반검정,9,2013-06-08,13:00:00,2013-03-10,2013-05-16,제9회 SQLD : (부산) 부경대학교 대연캠퍼스,2013-07-08,필기
122,SQLD(국가공인 SQL 개발자),일반검정,9,2013-06-08,13:00:00,2013-03-10,2013-05-16,제9회 SQLD : (서울) 숭실대학교 전산관 4층,2013-07-08,필기
123,SQLD(국가공인 SQL 개발자),일반검정,9,2013-06-08,13:00:00,2013-05-07,2013-05-16,제9회 SQLD : (서울) 숭실대학교 형남공학관 3층,2013-07-08,필기
124,DAP(국가공인 데이터아키텍처 전문가),일반검정,23,2013-08-24,13:00:00,2013-05-26,2013-08-02,제23회 DAP : (부산) 부경대학교 대연캠퍼스,2013-09-24,필기
125,DAP(국가공인 데이터아키텍처 전문가),일반검정,23,2013-08-24,13:00:00,2013-05-26,2013-08-02,제23회 DAP : (서울) 숭실대학교 진리관 3층,2013-09-24,필기
126,DAsP(데이터아키텍처 준전문가),일반검정,18,2013-08-24,13:00:00,2013-05-26,2013-08-02,제18회 DAsP : (부산) 부경대학교 대연캠퍼스,2013-09-24,필기
127,DAsP(데이터아키텍처 준전문가),일반검정,18,2013-08-24,13:00:00,2013-05-26,2013-08-02,"제18회 DAsP : (서울) 숭실대학교 진리관 4층,5층",2013-09-24,필기
128,SQLP(국가공인 SQL 전문가),일반검정,10,2013-09-14,13:00:00,2013-06-09,2013-08-23,제10회 SQLP : (대전) 충남대학교,2013-10-14,필기
129,SQLP(국가공인 SQL 전문가),일반검정,10,2013-09-14,13:00:00,2013-06-09,2013-08-23,제10회 SQLP : (부산) 부경대 대연캠퍼스,2013-10-14,필기
130,SQLP(국가공인 SQL 전문가),일반검정,10,2013-09-14,13:00:00,2013-06-09,2013-08-23,제10회 SQLP : (서울) 동국대학교 문화관 3층,2013-10-14,필기
131,SQLD(국가공인 SQL 개발자),일반검정,10,2013-09-14,13:00:00,2013-06-09,2013-08-23,제10회 SQLD : (대전) 충남대학교,2013-10-14,필기
132,SQLD(국가공인 SQL 개발자),일반검정,10,2013-09-14,13:00:00,2013-06-09,2013-08-23,제10회 SQLD : (부산) 부경대 대연캠퍼스,2013-10-14,필기
133,SQLD(국가공인 SQL 개발자),일반검정,10,2013-09-14,13:00:00,2013-06-09,2013-08-23,"제10회 SQLD : (서울) 동국대학교 문화관 3,4층",2013-10-14,필기
134,DAP(국가공인 데이터아키텍처 전문가),일반검정,24,2013-11-23,13:00:00,2013-08-25,2013-11-01,제24회 DAP : (서울)동국대학교 동국관 3층,2013-12-23,필기
135,DAP(국가공인 데이터아키텍처 전문가),일반검정,24,2013-11-23,13:00:00,2013-08-25,2013-11-01,제24회 DAP : (부산) 부경대학교 대연캠퍼스 누리관2층,2013-12-23,필기
136,DAsP(데이터아키텍처 준전문가),일반검정,19,2013-11-23,13:00:00,2013-08-25,2013-11-01,제19회 DAsP : (대전)대전대학교 공학관 4층,2013-12-23,필기
137,DAsP(데이터아키텍처 준전문가),일반검정,19,2013-11-23,13:00:00,2013-08-25,2013-11-01,제19회 DAsP :  (부산) 부경대학교 대연캠퍼스 누리관2층,2013-12-23,필기
138,DAsP(데이터아키텍처 준전문가),일반검정,19,2013-11-23,13:00:00,2013-08-25,2013-11-01,제19회 DAsP : (서울)동국대학교 동국관 3층,2013-12-23,필기
139,SQLP(국가공인 SQL 전문가),일반검정,11,2013-12-14,13:00:00,2013-09-15,2013-11-22,제11회 SQLP : (대전)충남대학교 공과대학 5호관4층,2013-12-30,필기
140,SQLP(국가공인 SQL 전문가),일반검정,11,2013-12-14,13:00:00,2013-09-15,2013-11-22,제11회 SQLP : (부산) 부경대학교 대연캠퍼스 누리관2층,2013-12-30,필기
141,SQLP(국가공인 SQL 전문가),일반검정,11,2013-12-14,13:00:00,2013-09-15,2013-11-22,제11회 SQLP : (서울)동국대학교 명진관,2013-12-30,필기
142,SQLD(국가공인 SQL 개발자),일반검정,11,2013-12-14,13:00:00,2013-09-15,2013-11-22,제11회 SQLD : (대전)충남대학교 공과대학 5호관4층,2013-12-30,필기
143,SQLD(국가공인 SQL 개발자),일반검정,11,2013-12-14,13:00:00,2013-09-15,2013-11-22,제11회 SQLD : (부산) 부경대학교 대연캠퍼스 누리관2층,2013-12-30,필기
144,SQLD(국가공인 SQL 개발자),일반검정,11,2013-12-14,13:00:00,2013-09-15,2013-11-22,제11회 SQLD : (서울)동국대학교 명진관,2013-12-30,필기
145,DAsP(데이터아키텍처 준전문가),특별검정,7,2013-12-20,11:00:00,2013-12-02,2013-12-13,[특별검정] 제7회 DAsP : 삼육대학교/건국대학교,2013-12-24,필기
146,SQLP(국가공인 SQL 전문가),일반검정,12,2014-03-08,13:00:00,2013-12-16,2014-02-14,제12회 SQLP : (대전) 충남대학교 공과대학 5호관4층,2014-04-08,필기
147,SQLP(국가공인 SQL 전문가),일반검정,12,2014-03-08,13:00:00,2013-12-16,2014-02-14,제12회 SQLP : (부산) 부경대학교 대연캠퍼스 누리관2층,2014-04-08,필기
148,SQLP(국가공인 SQL 전문가),일반검정,12,2014-03-08,13:00:00,2013-12-16,2014-02-14,"제12회 SQLP : (서울) 동국대학교 문화관 3,4층",2014-04-08,필기
149,SQLD(국가공인 SQL 개발자),일반검정,12,2014-03-08,13:00:00,2013-12-16,2014-02-14,제12회 SQLD : (대전) 충남대학교 공과대학 5호관4층,2014-04-08,필기
150,SQLD(국가공인 SQL 개발자),일반검정,12,2014-03-08,13:00:00,2013-12-16,2014-02-14,제12회 SQLD : (부산) 부경대학교 대연캠퍼스 누리관2층,2014-04-08,필기
151,SQLD(국가공인 SQL 개발자),일반검정,12,2014-03-08,13:00:00,2013-12-16,2014-02-14,"제12회 SQLD : (서울) 동국대학교 문화관 3,4층",2014-04-08,필기
152,DAsP(데이터아키텍처 준전문가),일반검정,20,2014-03-29,13:00:00,2013-11-25,2014-03-07,제20회 DAsP : (부산) 부경대학교 대연캠퍼스 누리관,2014-04-29,필기
153,DAsP(데이터아키텍처 준전문가),일반검정,20,2014-03-29,13:00:00,2013-11-25,2014-03-07,제20회 DAsP : (서울) 동국대학교 문화관 3층,2014-04-29,필기
154,DAP(국가공인 데이터아키텍처 전문가),일반검정,25,2014-03-29,13:00:00,2013-11-25,2014-03-07,제25회 DAP : (부산) 부경대학교 대연캠퍼스 누리관,2014-04-29,필기
155,DAP(국가공인 데이터아키텍처 전문가),일반검정,25,2014-03-29,13:00:00,2013-11-25,2014-03-07,제25회 DAP : (서울) 동국대학교 문화관 3층,2014-04-29,필기
156,ADP(국가공인 데이터분석 전문가),일반검정,1,2014-04-26,13:00:00,2014-01-08,2014-04-04,제1회 ADP : (서울) 동국대학교 문화관 3층,2014-05-16,필기
157,ADsP(국가공인 데이터분석 준전문가),일반검정,1,2014-04-26,15:00:00,2014-01-08,2014-04-04,제1회 ADsP : (서울) 동국대학교 문화관 3층,2014-05-16,필기
158,DAsP(데이터아키텍처 준전문가),특별검정,8,2014-05-27,15:00:00,2014-05-12,2014-05-19,[특별검정] 제8회 DAsP : 항공대학교,2014-06-27,필기
159,SQLD(국가공인 SQL 개발자),일반검정,13,2014-06-14,13:00:00,2014-03-10,2014-05-23,제13회 SQLD : (대전) 충남대학교 공과대학 5호관 4층,2014-07-14,필기
160,SQLD(국가공인 SQL 개발자),일반검정,13,2014-06-14,13:00:00,2014-03-10,2014-05-23,제13회 SQLD : (부산) 부산외대 D동 트리니티홀 1층,2014-07-14,필기
161,SQLD(국가공인 SQL 개발자),일반검정,13,2014-06-14,13:00:00,2014-03-10,2014-05-23,"제13회 SQLD : (서울) 동국대학교 문화관3,4층",2014-07-14,필기
162,SQLP(국가공인 SQL 전문가),일반검정,13,2014-06-14,13:00:00,2014-03-10,2014-05-23,제13회 SQLP : (대전) 충남대학교 공과대학 5호관 4층,2014-07-14,필기
163,SQLP(국가공인 SQL 전문가),일반검정,13,2014-06-14,13:00:00,2014-03-10,2014-05-23,"제13회 SQLP : (서울)  동국대학교 문화관 3,4층",2014-07-14,필기
164,SQLP(국가공인 SQL 전문가),일반검정,13,2014-06-14,13:00:00,2014-03-10,2014-05-23,제13회 SQLP : (부산) 부산외대 D동 트리니티홀 1층,2014-07-14,필기
165,SQLD(국가공인 SQL 개발자),특별검정,4,2014-06-14,13:00:00,2014-05-26,2014-05-30,[특별검정] SQLD : 건국대학교 새천년관,2014-07-14,필기
166,ADP(국가공인 데이터분석 전문가),일반검정,1,2014-06-28,13:00:00,2014-05-14,2014-06-13,제1회 ADP 실기 : (서울) 한국데이터베이스진흥원,2014-07-28,실기
167,DAP(국가공인 데이터아키텍처 전문가),일반검정,26,2014-07-26,13:00:00,2014-03-31,2014-07-04,제26회 DAP : (대전) 충남대학교 공과대학 5호관 4층,2014-08-26,필기
168,DAP(국가공인 데이터아키텍처 전문가),일반검정,26,2014-07-26,13:00:00,2014-03-31,2014-07-04,제26회 DAP : (서울) 동국대학교 경영관 3층,2014-08-26,필기
169,DAP(국가공인 데이터아키텍처 전문가),일반검정,26,2014-07-26,13:00:00,2014-03-31,2014-07-04,제26회 DAP : (부산) 경성대학교 중앙도서관(27호관) 11층,2014-08-26,필기
170,DAsP(데이터아키텍처 준전문가),일반검정,21,2014-07-26,13:00:00,2014-03-31,2014-07-04,제21회 DAsP : (대전) 충남대학교 공과대학 5호관 4층,2014-08-26,필기
171,DAsP(데이터아키텍처 준전문가),일반검정,21,2014-07-26,13:00:00,2014-03-31,2014-07-04,제21회 DAsP : (서울) 동국대학교 경영관 3층,2014-08-26,필기
172,DAsP(데이터아키텍처 준전문가),일반검정,21,2014-07-26,13:00:00,2014-03-31,2014-07-04,제21회 DAsP : (부산) 경성대학교 중앙도서관(27호관) 11층,2014-08-26,필기
173,ADP(국가공인 데이터분석 전문가),일반검정,2,2014-08-23,13:00:00,2014-04-28,2014-08-01,제2회 ADP : (서울) 동국대학교 문화관 3층,2014-09-12,필기
174,ADsP(국가공인 데이터분석 준전문가),일반검정,2,2014-08-23,13:00:00,2014-04-28,2014-08-01,제2회 ADsP : (서울) 동국대학교 문화관 3층,2014-09-12,필기
175,SQLD(국가공인 SQL 개발자),일반검정,14,2014-09-20,13:00:00,2014-06-16,2014-08-29,제14회 SQLD: (대전) 충남대학교 경상대학,2014-10-20,필기
176,SQLD(국가공인 SQL 개발자),일반검정,14,2014-09-20,13:00:00,2014-06-16,2014-08-29,제14회 SQLD: (부산) 부경대학교 대연캠퍼스,2014-10-20,필기
177,SQLD(국가공인 SQL 개발자),일반검정,14,2014-09-20,13:00:00,2014-06-16,2014-08-29,"제14회 SQLD: (서울) 동국대학교 문화관 3,4층",2014-10-20,필기
178,SQLP(국가공인 SQL 전문가),일반검정,14,2014-09-20,13:00:00,2014-06-16,2014-08-29,제14회 SQLP: (대전) 충남대학교 경상대학,2014-10-20,필기
179,SQLP(국가공인 SQL 전문가),일반검정,14,2014-09-20,13:00:00,2014-06-16,2014-08-29,제14회 SQLP: (부산) 부경대학교 대연캠퍼스,2014-10-20,필기
180,SQLP(국가공인 SQL 전문가),일반검정,14,2014-09-20,13:00:00,2014-06-16,2014-08-29,제14회 SQLP: (서울) 동국대학교 문화관 3층,2014-10-20,필기
181,ADP(국가공인 데이터분석 전문가),일반검정,2,2014-10-18,13:00:00,2014-06-30,2014-10-06,제2회 ADP 실기 : (서울) 한국데이터베이스진흥원,2014-11-14,실기
182,ADsP(국가공인 데이터분석 준전문가),일반검정,3,2014-11-08,13:00:00,2014-08-25,2014-10-17,제3회 ADsP: (전북 - 전주) 전주대학교 진리관 2층,2014-12-08,필기
183,ADsP(국가공인 데이터분석 준전문가),일반검정,3,2014-11-08,13:00:00,2014-08-25,2014-10-17,"제3회 ADsP: (서울) 동국대학교 문화관 3,4층",2014-12-08,필기
184,ADP(국가공인 데이터분석 전문가),일반검정,3,2014-11-08,13:00:00,2014-08-25,2014-10-24,제3회 ADP: (전북 - 전주) 전주대학교 진리관 2층,2014-12-08,필기
185,ADP(국가공인 데이터분석 전문가),일반검정,3,2014-11-08,13:00:00,2014-08-25,2014-10-24,"제3회 ADP: (서울) 동국대학교 문화관 3,4층",2014-12-08,필기
186,DAP(국가공인 데이터아키텍처 전문가),일반검정,27,2014-11-22,13:00:00,2014-07-28,2014-10-31,제27회 DAP : (대전)충남대학교 경상대학,2014-12-22,필기
187,DAP(국가공인 데이터아키텍처 전문가),일반검정,27,2014-11-22,13:00:00,2014-07-28,2014-10-31,제27회 DAP : (부산) 부경대학교 대연캠퍼스,2014-12-22,필기
188,DAP(국가공인 데이터아키텍처 전문가),일반검정,27,2014-11-22,13:00:00,2014-07-28,2014-10-31,제27회 DAP : (서울) 동국대학교 문화관 3층,2014-12-22,필기
189,DAsP(데이터아키텍처 준전문가),일반검정,22,2014-11-22,13:00:00,2014-07-28,2014-10-31,제22회 DAsP : (서울) 동국대학교 문화관 3층,2014-12-22,필기
190,DAsP(데이터아키텍처 준전문가),일반검정,22,2014-11-22,13:00:00,2014-07-28,2014-10-31,제22회 DAsP : (대전) 충남대학교 경상대학,2014-12-22,필기
191,DAsP(데이터아키텍처 준전문가),일반검정,22,2014-11-22,13:00:00,2014-07-28,2014-10-31,제22회 DAsP : (부산) 부경대학교 대연캠퍼스,2014-12-22,필기
192,SQLP(국가공인 SQL 전문가),일반검정,15,2014-12-13,13:00:00,2014-09-22,2014-11-21,제15회 SQLP: (전북 - 전주)전주대 진리관 2층,2015-01-13,필기
193,SQLP(국가공인 SQL 전문가),일반검정,15,2014-12-13,13:00:00,2014-09-22,2014-11-21,제15회 SQLP: (제주) 제주대 경상대학 2호관,2015-01-13,필기
194,SQLP(국가공인 SQL 전문가),일반검정,15,2014-12-13,13:00:00,2014-09-22,2014-11-21,제15회 SQLP: (부산) 부경대학교 누리관 1층,2015-01-13,필기
195,SQLP(국가공인 SQL 전문가),일반검정,15,2014-12-13,13:00:00,2014-09-22,2014-11-21,제15회 SQLP: (대전) 충남대학교 5호관 4층,2015-01-13,필기
196,SQLP(국가공인 SQL 전문가),일반검정,15,2014-12-13,13:00:00,2014-09-22,2014-11-21,"제15회 SQLP: (서울) 동국대학교 문화관 3,4층",2015-01-13,필기
197,SQLD(국가공인 SQL 개발자),일반검정,15,2014-12-13,13:00:00,2014-09-22,2014-11-21,제15회 SQLD: (전북 - 전주)전주대 진리관 2층,2015-01-13,필기
198,SQLD(국가공인 SQL 개발자),일반검정,15,2014-12-13,13:00:00,2014-09-22,2014-11-21,제15회 SQLD: (제주)  제주대 경상대학 2호관,2015-01-13,필기
199,SQLD(국가공인 SQL 개발자),일반검정,15,2014-12-13,13:00:00,2014-09-22,2014-11-21,제15회 SQLD: (대전) 충남대학교 5호관 4층,2015-01-13,필기
200,SQLD(국가공인 SQL 개발자),일반검정,15,2014-12-13,13:00:00,2014-09-22,2014-11-21,제15회 SQLD: (부산) 부경대학교 누리관 1층,2015-01-13,필기
201,SQLD(국가공인 SQL 개발자),일반검정,15,2014-12-13,13:00:00,2014-09-22,2014-11-21,"제15회 SQLD: (서울) 동국대학교 문화관 3,4층",2015-01-13,필기
202,SQLD(국가공인 SQL 개발자),특별검정,5,2014-12-13,13:00:00,2014-10-21,2014-11-29,[특별검정] 제5회 SQLD: (대전)충남대학교 5호관 4층,2015-01-13,필기
203,DAsP(데이터아키텍처 준전문가),특별검정,9,2014-12-17,17:00:00,2014-11-24,2014-12-12,[특별검정] 제9회 DAsP : 삼육대학교,2014-12-26,필기
204,DAsP(데이터아키텍처 준전문가),특별검정,10,2014-12-19,11:00:00,2014-12-08,2014-12-12,[특별검정] 제10회 DAsP : 건국대학교,2014-12-23,필기
205,ADP(국가공인 데이터분석 전문가),일반검정,3,2015-01-24,13:00:00,2014-10-20,2015-01-02,제3회 ADP 실기 : (서울) 한국데이터베이스진흥원,2015-02-23,실기
206,DAP(국가공인 데이터아키텍처 전문가),일반검정,28,2015-02-28,13:00:00,2015-01-02,2015-02-06,제28회 DAP: (부산) 부경대학교 대연캠퍼스,2015-03-23,필기
207,DAP(국가공인 데이터아키텍처 전문가),일반검정,28,2015-02-28,13:00:00,2015-01-02,2015-02-06,제28회 DAP: (대전) 우송대학교 학술정보관,2015-03-23,필기
208,DAP(국가공인 데이터아키텍처 전문가),일반검정,28,2015-02-28,13:00:00,2015-01-02,2015-02-06,제28회 DAP: (서울) 동국대학교 문화관,2015-03-23,필기
209,DAsP(데이터아키텍처 준전문가),일반검정,23,2015-02-28,13:00:00,2015-01-02,2015-02-06,제23회 DAsP: (서울) 동국대학교 문화관 3층,2015-03-23,필기
210,DAsP(데이터아키텍처 준전문가),일반검정,23,2015-02-28,13:00:00,2015-01-02,2015-02-06,제23회 DAsP: (대전) 우송대학교 학술정보관,2015-03-23,필기
211,DAsP(데이터아키텍처 준전문가),일반검정,23,2015-02-28,13:00:00,2015-01-02,2015-02-06,제23회 DAsP: (부산) 부경대학교 대연캠퍼스,2015-03-23,필기
212,SQLP(국가공인 SQL 전문가),일반검정,16,2015-03-14,13:00:00,2015-01-02,2015-02-27,제16회 SQLP: (대전) 충남대학교 5호관 4층,2015-04-13,필기
213,SQLP(국가공인 SQL 전문가),일반검정,16,2015-03-14,13:00:00,2015-01-02,2015-02-27,제16회 SQLP: (부산) 부경대학교 누리관 1층,2015-04-13,필기
214,SQLP(국가공인 SQL 전문가),일반검정,16,2015-03-14,13:00:00,2015-01-02,2015-02-27,"제16회 SQLP: (서울) 동국대학교 문화관 3,4층",2015-04-13,필기
215,SQLD(국가공인 SQL 개발자),일반검정,16,2015-03-14,13:00:00,2015-01-02,2015-02-27,제16회 SQLD: (부산) 부경대학교 누리관 1층,2015-04-13,필기
216,SQLD(국가공인 SQL 개발자),일반검정,16,2015-03-14,13:00:00,2015-01-02,2015-02-27,제16회 SQLD: (대전) 충남대학교 5호관 4층,2015-04-13,필기
217,SQLD(국가공인 SQL 개발자),일반검정,16,2015-03-14,13:00:00,2015-01-02,2015-02-27,"제16회 SQLD: (서울) 동국대학교 문화관 3,4층",2015-04-13,필기
218,ADsP(국가공인 데이터분석 준전문가),일반검정,4,2015-03-28,13:00:00,2015-01-01,2015-03-06,"제4회 ADsP: (대구) 계명대학교 수산관 2,3층",2015-04-27,필기
219,ADsP(국가공인 데이터분석 준전문가),일반검정,4,2015-03-28,13:00:00,2015-01-01,2015-03-06,제4회 ADsP: (전북 - 전주) 전주대학교 진리관 2층,2015-04-27,필기
220,ADsP(국가공인 데이터분석 준전문가),일반검정,4,2015-03-28,13:00:00,2015-01-01,2015-03-06,제4회 ADsP: (서울) 동국대학교 문화관 3층,2015-04-27,필기
221,DAP(국가공인 데이터아키텍처 전문가),일반검정,29,2015-05-30,13:00:00,2015-03-02,2015-05-08,제29회 DAP: (대전) 충남대학교 공과대학 5호관 4층,2015-06-29,필기
222,DAP(국가공인 데이터아키텍처 전문가),일반검정,29,2015-05-30,13:00:00,2015-03-02,2015-05-08,제29회 DAP: (부산) 부경대학교 누리관 1층,2015-06-29,필기
223,DAP(국가공인 데이터아키텍처 전문가),일반검정,29,2015-05-30,13:00:00,2015-03-02,2015-05-08,제29회 DAP: (서울) 동국대학교 문화관 3층,2015-06-29,필기
224,DAsP(데이터아키텍처 준전문가),일반검정,24,2015-05-30,13:00:00,2015-03-02,2015-05-08,제24회 DAsP: (부산) 부경대학교 누리관 1층,2015-06-29,필기
225,DAsP(데이터아키텍처 준전문가),일반검정,24,2015-05-30,13:00:00,2015-03-02,2015-05-08,제24회 DAsP: (대전) 충남대학교 공과대학 5호관 4층,2015-06-29,필기
226,DAsP(데이터아키텍처 준전문가),일반검정,24,2015-05-30,13:00:00,2015-03-02,2015-05-08,제24회 DAsP: (서울) 동국대학교 문화관 3층,2015-06-29,필기
227,DAsP(데이터아키텍처 준전문가),특별검정,11,2015-05-30,13:00:00,2015-05-04,2015-05-08,[특별검정] 제11회 DAsP: 한국항공대학교,2015-06-29,필기
228,DAsP(데이터아키텍처 준전문가),특별검정,12,2015-05-30,13:00:00,2015-05-06,2015-05-08,[특별검정] 제12회 DAsP: 서울여자대학교,2015-06-29,필기
229,SQLP(국가공인 SQL 전문가),일반검정,17,2015-06-06,13:00:00,2015-03-16,2015-05-15,제17회 SQLP: (제주) 제주대학교 자연과학대학 2호관,2015-07-06,필기
230,SQLP(국가공인 SQL 전문가),일반검정,17,2015-06-06,13:00:00,2015-03-16,2015-05-15,제17회 SQLP: (전북 - 전주) 전주대학교 자유관,2015-07-06,필기
231,SQLP(국가공인 SQL 전문가),일반검정,17,2015-06-06,13:00:00,2015-03-16,2015-05-15,제17회 SQLP: (대전) 충남대학교 공과대학 5호관,2015-07-06,필기
232,SQLP(국가공인 SQL 전문가),일반검정,17,2015-06-06,13:00:00,2015-03-16,2015-05-15,제17회 SQLP: (서울) 동국대학교 문화관,2015-07-06,필기
233,SQLP(국가공인 SQL 전문가),일반검정,17,2015-06-06,13:00:00,2015-03-16,2015-05-15,제17회 SQLP: (부산) 부경대학교 누리관 1층,2015-07-06,필기
234,SQLD(국가공인 SQL 개발자),일반검정,17,2015-06-06,13:00:00,2015-03-16,2015-05-15,제17회 SQLD: (부산) 부경대학교 누리관 1층,2015-07-06,필기
235,SQLD(국가공인 SQL 개발자),일반검정,17,2015-06-06,13:00:00,2015-03-16,2015-05-15,제17회 SQLD: (전북 - 전주) 전주대학교 자유관,2015-07-06,필기
236,SQLD(국가공인 SQL 개발자),일반검정,17,2015-06-06,13:00:00,2015-03-16,2015-05-15,제17회 SQLD: (대전) 충남대학교 공과대학 5호관,2015-07-06,필기
237,SQLD(국가공인 SQL 개발자),일반검정,17,2015-06-06,13:00:00,2015-03-16,2015-05-15,제17회 SQLD: (제주) 제주대학교 자연과학대학 2호관,2015-07-06,필기
238,SQLD(국가공인 SQL 개발자),일반검정,17,2015-06-06,13:00:00,2015-03-16,2015-05-15,제17회 SQLD: (서울) 동국대학교 문화관,2015-07-06,필기
239,SQLD(국가공인 SQL 개발자),특별검정,6,2015-06-06,13:00:00,2015-05-14,2015-05-21,[특별검정] 제6회 SQLD: 건국대학교,2015-07-06,필기
240,ADP(국가공인 데이터분석 전문가),일반검정,4,2015-06-13,13:00:00,2015-01-01,2015-05-22,제4회 ADP: (대구)대구대학교 대명동캠퍼스,2015-07-13,필기
241,ADP(국가공인 데이터분석 전문가),일반검정,4,2015-06-13,13:00:00,2015-01-01,2015-05-22,제4회 ADP: (대전) 우송대학교 학술정보관,2015-07-13,필기
242,ADP(국가공인 데이터분석 전문가),일반검정,4,2015-06-13,13:00:00,2015-01-01,2015-05-22,제4회 ADP: (광주) 조선대학교 공과대학 1호관 4층,2015-07-13,필기
243,ADP(국가공인 데이터분석 전문가),일반검정,4,2015-06-13,13:00:00,2015-01-01,2015-05-22,제4회 ADP: (부산) 부경대학교 대연캠퍼스,2015-07-13,필기
244,ADP(국가공인 데이터분석 전문가),일반검정,4,2015-06-13,13:00:00,2015-01-01,2015-05-22,제4회 ADP: (전북 - 전주) 전주대학교 자유관,2015-07-13,필기
245,ADP(국가공인 데이터분석 전문가),일반검정,4,2015-06-13,13:00:00,2015-01-01,2015-05-22,제4회 ADP: (서울) 동국대학교 문화관,2015-07-13,필기
246,ADsP(국가공인 데이터분석 준전문가),일반검정,5,2015-06-13,13:00:00,2015-03-30,2015-05-22,제5회 ADsP: (대구) 대구대학교 대명동캠퍼스,2015-07-13,필기
247,ADsP(국가공인 데이터분석 준전문가),일반검정,5,2015-06-13,13:00:00,2015-03-30,2015-05-22,제5회 ADsP: (광주) 조선대학교 공과대학 1호관 4층,2015-07-13,필기
248,ADsP(국가공인 데이터분석 준전문가),일반검정,5,2015-06-13,13:00:00,2015-03-30,2015-05-22,제5회 ADsP: (서울)  동국대학교 문화관,2015-07-13,필기
249,ADsP(국가공인 데이터분석 준전문가),일반검정,5,2015-06-13,13:00:00,2015-03-30,2015-05-22,제5회 ADsP: (부산) 부경대학교 대연캠퍼스,2015-07-13,필기
250,ADsP(국가공인 데이터분석 준전문가),일반검정,5,2015-06-13,13:00:00,2015-03-30,2015-05-22,제5회 ADsP: (전북-전주) 전주대학교 자유관,2015-07-13,필기
251,ADsP(국가공인 데이터분석 준전문가),일반검정,5,2015-06-13,13:00:00,2015-03-30,2015-05-22,제5회 ADsP: (대전) 우송대학교 학술정보관,2015-07-13,필기
252,ADP(국가공인 데이터분석 전문가),일반검정,4,2015-08-08,13:00:00,2015-01-26,2015-07-24,제4회 ADP 실기: (서울) 한국데이터베이스진흥원,2015-08-24,실기
253,SQLP(국가공인 SQL 전문가),일반검정,18,2015-09-05,13:00:00,2015-06-08,2015-08-17,제18회 SQLP: (부산) 경성대학교 중앙도서관,2015-10-05,필기
254,SQLP(국가공인 SQL 전문가),일반검정,18,2015-09-05,13:00:00,2015-06-08,2015-08-17,제18회 SQLP: (전라북도 - 전주) 전주대학교 자유관,2015-10-05,필기
255,SQLP(국가공인 SQL 전문가),일반검정,18,2015-09-05,13:00:00,2015-06-08,2015-08-17,제18회 SQLP: (대전) 충남대학교 공과대학 5호관,2015-10-05,필기
256,SQLP(국가공인 SQL 전문가),일반검정,18,2015-09-05,13:00:00,2015-06-08,2015-08-17,제18회 SQLP: (서울)동국대학교 문화관/경영관,2015-10-05,필기
257,SQLD(국가공인 SQL 개발자),일반검정,18,2015-09-05,13:00:00,2015-06-08,2015-08-17,제18회 SQLD: (전라북도 - 전주) 전주대학교 자유관,2015-10-05,필기
258,SQLD(국가공인 SQL 개발자),일반검정,18,2015-09-05,13:00:00,2015-06-08,2015-08-17,제18회 SQLD: (부산) 경성대학교 중앙도서관,2015-10-05,필기
259,SQLD(국가공인 SQL 개발자),일반검정,18,2015-09-05,13:00:00,2015-06-08,2015-08-17,제18회 SQLD: (대전) 충남대학교 공과대학 5호관,2015-10-05,필기
260,SQLD(국가공인 SQL 개발자),일반검정,18,2015-09-05,13:00:00,2015-06-08,2015-08-17,제18회 SQLD: (서울) 동국대학교 문화관/경영관,2015-10-05,필기
261,ADP(국가공인 데이터분석 전문가),일반검정,5,2015-09-19,13:00:00,2015-06-15,2015-08-28,제5회 ADP: (서울) 동국대학교 문화관,2015-10-19,필기
262,ADP(국가공인 데이터분석 전문가),일반검정,5,2015-09-19,13:00:00,2015-06-15,2015-08-28,제5회 ADP: (부산) 경성대학교 중앙도서관,2015-10-19,필기
263,ADP(국가공인 데이터분석 전문가),일반검정,5,2015-09-19,13:00:00,2015-06-15,2015-08-28,"제5회 ADP: (대구) 계명대학교 수산관 2,3층",2015-10-19,필기
264,ADP(국가공인 데이터분석 전문가),일반검정,5,2015-09-19,13:00:00,2015-06-15,2015-08-28,제5회 ADP: (광주) 조선대학교 공과대학 1호관 4층,2015-10-19,필기
265,ADP(국가공인 데이터분석 전문가),일반검정,5,2015-09-19,13:00:00,2015-06-15,2015-08-28,제5회 ADP: (전북) 전주대학교 자유관,2015-10-19,필기
266,ADP(국가공인 데이터분석 전문가),일반검정,5,2015-09-19,13:00:00,2015-06-15,2015-08-28,제5회 ADP: (대전) 충남대학교 공과대학 5호관,2015-10-19,필기
267,ADsP(국가공인 데이터분석 준전문가),일반검정,6,2015-09-19,13:00:00,2015-06-15,2015-08-28,제6회 ADsP: (서울) 동국대학교 문화관,2015-10-19,필기
268,ADsP(국가공인 데이터분석 준전문가),일반검정,6,2015-09-19,13:00:00,2015-06-15,2015-08-28,제6회 ADsP: (부산) 경성대학교 중앙도서관,2015-10-19,필기
269,ADsP(국가공인 데이터분석 준전문가),일반검정,6,2015-09-19,13:00:00,2015-06-15,2015-08-28,"제6회 ADsP: (대구) 계명대학교 수산관 2,3층",2015-10-19,필기
270,ADsP(국가공인 데이터분석 준전문가),일반검정,6,2015-09-19,13:00:00,2015-06-15,2015-08-28,제6회 ADsP: (전북 - 전주) 전주대학교 자유관,2015-10-19,필기
271,ADsP(국가공인 데이터분석 준전문가),일반검정,6,2015-09-19,13:00:00,2015-06-15,2015-08-28,제6회 ADsP: (광주) 조선대학교 공과대학 1호관 4층,2015-10-19,필기
272,ADsP(국가공인 데이터분석 준전문가),일반검정,6,2015-09-19,13:00:00,2015-06-15,2015-08-28,제6회 ADsP: (대전) 충남대학교 공과대학 5호관,2015-10-19,필기
273,ADP(국가공인 데이터분석 전문가),일반검정,5,2015-11-14,13:00:00,2015-09-21,2015-10-30,제5회 ADP 실기: (서울) 한국데이터베이스진흥원,2015-11-30,실기
274,DAP(국가공인 데이터아키텍처 전문가),일반검정,30,2015-11-28,13:00:00,2015-06-01,2015-11-06,제30회 DAP: (부산) 경성대학교 중앙도서관,2015-12-28,필기
275,DAP(국가공인 데이터아키텍처 전문가),일반검정,30,2015-11-28,13:00:00,2015-06-01,2015-11-06,제30회 DAP: (대전) 충남대학교 공과대학 5호관 4층,2015-12-28,필기
276,DAP(국가공인 데이터아키텍처 전문가),일반검정,30,2015-11-28,13:00:00,2015-06-01,2015-11-06,제30회 DAP: (서울) 동국대학교 문화관 3층,2015-12-28,필기
277,DAsP(데이터아키텍처 준전문가),일반검정,25,2015-11-28,13:00:00,2015-06-01,2015-11-06,제25회 DAsP: (대전) 충남대학교 공과대학 5호관 4층,2015-12-28,필기
278,DAsP(데이터아키텍처 준전문가),일반검정,25,2015-11-28,13:00:00,2015-06-01,2015-11-06,제25회 DAsP: (서울) 동국대학교 문화관 3층,2015-12-28,필기
279,DAsP(데이터아키텍처 준전문가),일반검정,25,2015-11-28,13:00:00,2015-06-01,2015-11-06,제25회 DAsP: (부산) 경성대학교 중앙도서관,2015-12-28,필기
280,SQLP(국가공인 SQL 전문가),일반검정,19,2015-12-05,13:00:00,2015-09-07,2015-11-13,제19회 SQLP: (부산) 경성대학교 중앙도서관,2016-01-04,필기
281,SQLP(국가공인 SQL 전문가),일반검정,19,2015-12-05,13:00:00,2015-09-07,2015-11-13,제19회 SQLP: (광주) 조선대학교 본관,2016-01-04,필기
282,SQLP(국가공인 SQL 전문가),일반검정,19,2015-12-05,13:00:00,2015-09-07,2015-11-13,제19회 SQLP: (전라북도 - 전주) 전주대학교 자유관 4층,2016-01-04,필기
283,SQLP(국가공인 SQL 전문가),일반검정,19,2015-12-05,13:00:00,2015-09-07,2015-11-13,제19회 SQLP:(대전)충남대 백마교양교육관(W10),2016-01-04,필기
284,SQLP(국가공인 SQL 전문가),일반검정,19,2015-12-05,13:00:00,2015-09-07,2015-11-13,제19회 SQLP: (서울) 동국대학교 문화관,2016-01-04,필기
285,SQLD(국가공인 SQL 개발자),일반검정,19,2015-12-05,13:00:00,2015-09-07,2015-11-13,제19회 SQLD: (부산) 경성대학교 중앙도서관,2016-01-04,필기
286,SQLD(국가공인 SQL 개발자),일반검정,19,2015-12-05,13:00:00,2015-09-07,2015-11-13,제19회 SQLD: (전라북도 - 전주) 전주대학교 자유관 4층,2016-01-04,필기
287,SQLD(국가공인 SQL 개발자),일반검정,19,2015-12-05,13:00:00,2015-09-07,2015-11-13,제19회 SQLD: (광주) 조선대학교 본관,2016-01-04,필기
288,SQLD(국가공인 SQL 개발자),일반검정,19,2015-12-05,13:00:00,2015-09-07,2015-11-13,제19회 SQLD:(대전)충남대 백마교양교육관(W10),2016-01-04,필기
289,SQLD(국가공인 SQL 개발자),일반검정,19,2015-12-05,13:00:00,2015-09-07,2015-11-13,제19회 SQLD: (서울) 동국대학교 문화관,2016-01-04,필기
290,ADsP(국가공인 데이터분석 준전문가),일반검정,7,2015-12-12,13:00:00,2015-09-21,2015-11-20,제7회 ADsP: (대구) 계명대학교 수산관 2층,2016-01-11,필기
291,ADsP(국가공인 데이터분석 준전문가),일반검정,7,2015-12-12,13:00:00,2015-09-21,2015-11-20,제7회 ADsP: (부산) 경성대학교 중앙도서관 11층,2016-01-11,필기
292,ADsP(국가공인 데이터분석 준전문가),일반검정,7,2015-12-12,13:00:00,2015-09-21,2015-11-20,제7회 ADsP: (전북 - 전주) 전주대 자유관 4층,2016-01-11,필기
293,ADsP(국가공인 데이터분석 준전문가),일반검정,7,2015-12-12,13:00:00,2015-09-21,2015-11-20,제7회 ADsP: (광주) 조선대학교 본관,2016-01-11,필기
294,ADsP(국가공인 데이터분석 준전문가),일반검정,7,2015-12-12,13:00:00,2015-09-21,2015-11-20,제7회 ADsP: (대전) 충남대학교 공과대학 2호관,2016-01-11,필기
295,ADsP(국가공인 데이터분석 준전문가),일반검정,7,2015-12-12,13:00:00,2015-09-21,2015-11-20,제7회 ADsP: (서울) 동국대학교 문화관 3층,2016-01-11,필기
296,DAsP(데이터아키텍처 준전문가),특별검정,13,2015-12-22,13:00:00,2015-12-01,2015-12-08,[특별검정] 제13회 DAsP: 삼육대학교,2016-01-22,필기
297,ADP(국가공인 데이터분석 전문가),일반검정,6,2016-02-20,13:00:00,2015-12-28,2016-02-07,제6회 ADP: (대전) 충남대학교 공과대학 2호관 258A,2016-03-22,필기
298,ADP(국가공인 데이터분석 전문가),일반검정,6,2016-02-20,13:00:00,2015-12-28,2016-02-07,제6회 ADP: (대구) 동대구역 회의실 102호,2016-03-22,필기
299,ADP(국가공인 데이터분석 전문가),일반검정,6,2016-02-20,13:00:00,2015-12-28,2016-02-07,제6회 ADP: (광주) 고사장폐쇄,2016-03-22,필기
300,ADP(국가공인 데이터분석 전문가),일반검정,6,2016-02-20,13:00:00,2015-12-28,2016-02-07,제6회 ADP: (전북-전주) 고사장폐쇄,2016-03-22,필기
301,ADP(국가공인 데이터분석 전문가),일반검정,6,2016-02-20,13:00:00,2015-12-28,2016-02-07,제6회 ADP: (부산) 경성대학교 중앙도서관 1002호,2016-03-22,필기
302,ADP(국가공인 데이터분석 전문가),일반검정,6,2016-02-20,13:00:00,2015-12-28,2016-02-07,제6회 ADP: (서울) 동국대학교 문화관 3층,2016-03-22,필기
303,ADsP(국가공인 데이터분석 준전문가),일반검정,8,2016-02-20,13:00:00,2015-12-28,2016-02-05,"제8회 ADsP: (대전) 충남대학교 공과대학 2호관 258A, 258B",2016-03-22,필기
304,ADsP(국가공인 데이터분석 준전문가),일반검정,8,2016-02-20,13:00:00,2015-12-28,2016-02-05,제8회 ADsP: (대구) 동대구역 회의실 102호,2016-03-22,필기
305,ADsP(국가공인 데이터분석 준전문가),일반검정,8,2016-02-20,13:00:00,2015-12-28,2016-02-05,제8회 ADsP: (광주) 고사장폐쇄,2016-03-22,필기
306,ADsP(국가공인 데이터분석 준전문가),일반검정,8,2016-02-20,13:00:00,2015-12-28,2016-02-05,제8회 ADsP: (전북-전주) 고사장폐쇄,2016-03-22,필기
307,ADsP(국가공인 데이터분석 준전문가),일반검정,8,2016-02-20,13:00:00,2015-12-28,2016-02-05,제8회 ADsP: (부산) 경성대학교 중앙도서관 10층,2016-03-22,필기
308,ADsP(국가공인 데이터분석 준전문가),일반검정,8,2016-02-20,13:00:00,2015-12-28,2016-02-05,"제8회 ADsP: (서울) 동국대학교 문화관 3, 4층",2016-03-22,필기
309,SQLP(국가공인 SQL 전문가),일반검정,20,2016-03-05,13:00:00,2015-12-28,2016-02-22,제20회 SQLP: (대전) 충남대학교 공과대학 2호관 258A,2016-04-05,필기
310,SQLP(국가공인 SQL 전문가),일반검정,20,2016-03-05,13:00:00,2015-12-28,2016-02-22,제20회 SQLP: (서울) 동국대학교 문화관 3층,2016-04-05,필기
311,SQLP(국가공인 SQL 전문가),일반검정,20,2016-03-05,13:00:00,2015-12-28,2016-02-22,제20회 SQLP: (광주) 고사장 폐쇄,2016-04-05,필기
312,SQLP(국가공인 SQL 전문가),일반검정,20,2016-03-05,13:00:00,2015-12-28,2016-02-22,제20회 SQLP: (대구) 동대구역 회의실 102호,2016-04-05,필기
313,SQLP(국가공인 SQL 전문가),일반검정,20,2016-03-05,13:00:00,2015-12-28,2016-02-22,제20회 SQLP: (부산) 경성대학교 중앙도서관,2016-04-05,필기
314,SQLD(국가공인 SQL 개발자),일반검정,20,2016-03-05,13:00:00,2015-12-28,2016-02-22,제20회 SQLD: (부산) 경성대학교 중앙도서관,2016-04-05,필기
315,SQLD(국가공인 SQL 개발자),일반검정,20,2016-03-05,13:00:00,2015-12-28,2016-02-22,"제20회 SQLD: (대전) 충남대학교 공과대학 2호관 258A, 258B",2016-04-05,필기
316,SQLD(국가공인 SQL 개발자),일반검정,20,2016-03-05,13:00:00,2015-12-28,2016-02-22,제20회 SQLD: (광주) 고사장 폐쇄,2016-04-05,필기
317,SQLD(국가공인 SQL 개발자),일반검정,20,2016-03-05,13:00:00,2015-12-28,2016-02-22,제20회 SQLD: (대구) 동대구역 회의실 102호,2016-04-05,필기
318,SQLD(국가공인 SQL 개발자),일반검정,20,2016-03-05,13:00:00,2015-12-28,2016-02-22,"제20회 SQLD: (서울) 동국대학교 문화관 3,4층",2016-04-05,필기
319,DAP(국가공인 데이터아키텍처 전문가),일반검정,31,2016-03-26,13:00:00,2015-12-28,2016-03-14,제31회 DAP: (부산) 경성대학교 중앙도서관 12층,2016-04-26,필기
320,DAP(국가공인 데이터아키텍처 전문가),일반검정,31,2016-03-26,13:00:00,2015-12-28,2016-03-14,제31회 DAP: (광주) 고사장 폐쇄,2016-04-26,필기
321,DAP(국가공인 데이터아키텍처 전문가),일반검정,31,2016-03-26,13:00:00,2015-12-28,2016-03-14,제31회 DAP: (대전) 충남대학교 공과대학 2호관 258A,2016-04-26,필기
322,DAP(국가공인 데이터아키텍처 전문가),일반검정,31,2016-03-26,13:00:00,2015-12-28,2016-03-14,제31회 DAP: (서울) 동국대학교 문화관 3층,2016-04-26,필기
323,DAsP(데이터아키텍처 준전문가),일반검정,26,2016-03-26,13:00:00,2015-12-28,2016-03-14,제26회 DAsP: (대전) 충남대학교 공과대학 2호관 258A,2016-04-26,필기
324,DAsP(데이터아키텍처 준전문가),일반검정,26,2016-03-26,13:00:00,2015-12-28,2016-03-14,제26회 DAsP: (부산) 경성대학교 중앙도서관 12층,2016-04-26,필기
325,DAsP(데이터아키텍처 준전문가),일반검정,26,2016-03-26,13:00:00,2015-12-28,2016-03-14,제26회 DAsP: (서울) 동국대학교 문화관 3층,2016-04-26,필기
326,DAsP(데이터아키텍처 준전문가),일반검정,26,2016-03-26,13:00:00,2015-12-28,2016-03-14,제26회 DAsP: (광주) 고사장 폐쇄,2016-04-26,필기
327,ADP(국가공인 데이터분석 전문가),일반검정,6,2016-04-30,13:00:00,2016-02-22,2016-04-18,제6회 ADP 실기: (서울) 한국데이터베이스진흥원,2016-05-31,실기
328,ADsP(국가공인 데이터분석 준전문가),일반검정,9,2016-05-28,13:00:00,2016-02-22,2016-05-16,제9회 ADsP: (전북-전주) 폐쇄,2016-06-28,필기
329,ADsP(국가공인 데이터분석 준전문가),일반검정,9,2016-05-28,13:00:00,2016-02-22,2016-05-16,제9회 ADsP: (대전) 충남대 공과대학 2호관 258A,2016-06-28,필기
330,ADsP(국가공인 데이터분석 준전문가),일반검정,9,2016-05-28,13:00:00,2016-02-22,2016-05-16,제9회 ADsP: (광주) 폐쇄,2016-06-28,필기
331,ADsP(국가공인 데이터분석 준전문가),일반검정,9,2016-05-28,13:00:00,2016-02-22,2016-05-16,제9회 ADsP: (대구) KTX 동대구역 회의실 103호,2016-06-28,필기
332,ADsP(국가공인 데이터분석 준전문가),일반검정,9,2016-05-28,13:00:00,2016-02-22,2016-05-16,제9회 ADsP: (부산) 경성대학교 중앙도서관 12층,2016-06-28,필기
333,ADsP(국가공인 데이터분석 준전문가),일반검정,9,2016-05-28,13:00:00,2016-02-22,2016-05-16,제9회 ADsP: (서울) 동국대학교 문화관 3층,2016-06-28,필기
334,SQLP(국가공인 SQL 전문가),일반검정,21,2016-06-04,13:00:00,2016-03-07,2016-05-23,제21회 SQLP: (대전) 충남대학교 공과대학 2호관 258A,2016-07-05,필기
335,SQLP(국가공인 SQL 전문가),일반검정,21,2016-06-04,13:00:00,2016-03-07,2016-05-23,제21회 SQLP: (대구) 영남이공대학교 컴퓨터정보관 2층 121호,2016-07-05,필기
336,SQLP(국가공인 SQL 전문가),일반검정,21,2016-06-04,13:00:00,2016-03-07,2016-05-23,제21회 SQLP: (광주) 폐쇄,2016-07-05,필기
337,SQLP(국가공인 SQL 전문가),일반검정,21,2016-06-04,13:00:00,2016-03-07,2016-05-23,제21회 SQLP: (부산) 경성대학교 중앙도서관 12층 1201호,2016-07-05,필기
338,SQLP(국가공인 SQL 전문가),일반검정,21,2016-06-04,13:00:00,2016-03-07,2016-05-23,제21회 SQLP: (서울) 동국대학교 문화관 3층,2016-07-05,필기
339,SQLD(국가공인 SQL 개발자),일반검정,21,2016-06-04,13:00:00,2016-03-07,2016-05-23,제21회 SQLD: (광주) 폐쇄,2016-07-05,필기
340,SQLD(국가공인 SQL 개발자),일반검정,21,2016-06-04,13:00:00,2016-03-07,2016-05-23,제21회 SQLD: (부산) 경성대학교 중앙도서관 12층 1201호,2016-07-05,필기
341,SQLD(국가공인 SQL 개발자),일반검정,21,2016-06-04,13:00:00,2016-03-07,2016-05-23,제21회 SQLD: (대구) 영남이공대학교 컴퓨터정보관 2층 121호,2016-07-05,필기
342,SQLD(국가공인 SQL 개발자),일반검정,21,2016-06-04,13:00:00,2016-03-07,2016-05-23,제21회 SQLD: (대전) 충남대학교 공과대학 2호관 258A,2016-07-05,필기
343,SQLD(국가공인 SQL 개발자),일반검정,21,2016-06-04,13:00:00,2016-03-07,2016-05-23,"제21회 SQLD: (서울) 동국대학교 문화관 3,4층",2016-07-05,필기
344,DAP(국가공인 데이터아키텍처 전문가),일반검정,32,2016-06-11,13:00:00,2016-03-28,2016-05-30,제32회 DAP: (부산) 경성대학교 중앙도서관 1201호,2016-07-12,필기
345,DAP(국가공인 데이터아키텍처 전문가),일반검정,32,2016-06-11,13:00:00,2016-03-28,2016-05-30,제32회 DAP: (대구) 폐쇄,2016-07-12,필기
346,DAP(국가공인 데이터아키텍처 전문가),일반검정,32,2016-06-11,13:00:00,2016-03-28,2016-05-30,제32회 DAP: (대전) 충남대 공과대학 2호관(E2) 258A,2016-07-12,필기
347,DAP(국가공인 데이터아키텍처 전문가),일반검정,32,2016-06-11,13:00:00,2016-03-28,2016-05-30,제32회 DAP: (서울) 동국대학교 경영관 3층,2016-07-12,필기
348,DAsP(데이터아키텍처 준전문가),일반검정,27,2016-06-11,13:00:00,2016-03-28,2016-05-30,제27회 DAsP: (서울) 동국대학교 경영관 3층,2016-07-12,필기
349,DAsP(데이터아키텍처 준전문가),일반검정,27,2016-06-11,13:00:00,2016-03-28,2016-05-30,제27회 DAsP: (부산) 경성대학교 중앙도서관 1201호,2016-07-12,필기
350,DAsP(데이터아키텍처 준전문가),일반검정,27,2016-06-11,13:00:00,2016-03-28,2016-05-30,제27회 DAsP: (대구) 폐쇄,2016-07-12,필기
351,DAsP(데이터아키텍처 준전문가),일반검정,27,2016-06-11,13:00:00,2016-03-28,2016-05-30,제27회 DAsP: (대전) 충남대 공과대학 2호관(E2) 258A,2016-07-12,필기
352,ADP(국가공인 데이터분석 전문가),일반검정,7,2016-08-27,13:00:00,2016-02-22,2016-08-16,제7회 ADP: (울산) 울산과학대 서부캠퍼스 대학회관 SC-404,2016-09-27,필기
353,ADP(국가공인 데이터분석 전문가),일반검정,7,2016-08-27,13:00:00,2016-02-22,2016-08-16,제7회 ADP: (전북-전주) 전주대학교 자유관 301호,2016-09-27,필기
354,ADP(국가공인 데이터분석 전문가),일반검정,7,2016-08-27,13:00:00,2016-02-22,2016-08-16,"제7회 ADP: (대전) 충남대학교 공과대학 2호관 258A, B, C",2016-09-27,필기
355,ADP(국가공인 데이터분석 전문가),일반검정,7,2016-08-27,13:00:00,2016-02-22,2016-08-16,제7회 ADP: (광주) 김대중컨벤션센터 302-303호,2016-09-27,필기
356,ADP(국가공인 데이터분석 전문가),일반검정,7,2016-08-27,13:00:00,2016-02-22,2016-08-16,"제7회 ADP: (대구) KTX 동대구역 회의실 102호, 103호",2016-09-27,필기
357,ADP(국가공인 데이터분석 전문가),일반검정,7,2016-08-27,13:00:00,2016-02-22,2016-08-16,"제7회 ADP: (부산) 경성대학교 정보관(26호관) B109, B110",2016-09-27,필기
358,ADP(국가공인 데이터분석 전문가),일반검정,7,2016-08-27,13:00:00,2016-02-22,2016-08-16,제7회 ADP: (서울) 동국대학교 문화관 3층,2016-09-27,필기
359,ADsP(국가공인 데이터분석 준전문가),일반검정,10,2016-08-27,13:00:00,2016-05-30,2016-08-16,제10회 ADsP: (울산) 울산과학대 서부캠퍼스 대학회관 SC-404,2016-09-27,필기
360,ADsP(국가공인 데이터분석 준전문가),일반검정,10,2016-08-27,13:00:00,2016-05-30,2016-08-16,제10회 ADsP: (전북-전주) 전주대학교 자유관 301호,2016-09-27,필기
361,ADsP(국가공인 데이터분석 준전문가),일반검정,10,2016-08-27,13:00:00,2016-05-30,2016-08-16,제10회 ADsP: (광주) 김대중컨벤션센터 302-303호,2016-09-27,필기
362,ADsP(국가공인 데이터분석 준전문가),일반검정,10,2016-08-27,13:00:00,2016-05-30,2016-08-16,"제10회 ADsP: (부산) 경성대학교 정보관(26호관) B109, B110",2016-09-27,필기
363,ADsP(국가공인 데이터분석 준전문가),일반검정,10,2016-08-27,13:00:00,2016-05-30,2016-08-16,"제10회 ADsP: (대구) KTX 동대구역 회의실 102호, 103호",2016-09-27,필기
364,ADsP(국가공인 데이터분석 준전문가),일반검정,10,2016-08-27,13:00:00,2016-05-30,2016-08-16,"제10회 ADsP: (대전) 충남대학교 공과대학 2호관 258A, B, C",2016-09-27,필기
365,ADsP(국가공인 데이터분석 준전문가),일반검정,10,2016-08-27,13:00:00,2016-05-30,2016-08-16,"제10회 ADsP: (서울) 동국대학교 문화관 3,4층",2016-09-27,필기
366,ADsP(국가공인 데이터분석 준전문가),전환검정,1,2016-08-27,13:00:00,2016-06-13,2016-08-15,제1회차 ADsP 전환검정: (전북-전주) 전주대학교 자유관 301호,2016-09-27,필기
367,ADsP(국가공인 데이터분석 준전문가),전환검정,1,2016-08-27,13:00:00,2016-06-13,2016-08-15,"제1회차 ADsP 전환검정: (대전) 충남대학교 공과대학 2호관 258A, B, C",2016-09-27,필기
368,ADsP(국가공인 데이터분석 준전문가),전환검정,1,2016-08-27,13:00:00,2016-06-13,2016-08-15,제1회차 ADsP 전환검정: (광주) 김대중컨벤션센터 302-303호,2016-09-27,필기
369,ADsP(국가공인 데이터분석 준전문가),전환검정,1,2016-08-27,13:00:00,2016-06-13,2016-08-15,"제1회차 ADsP 전환검정: (대구) KTX 동대구역 회의실 102호, 103호",2016-09-27,필기
370,ADsP(국가공인 데이터분석 준전문가),전환검정,1,2016-08-27,13:00:00,2016-06-13,2016-08-15,"제1회차 ADsP 전환검정: (부산) 경성대학교 정보관(26호관) B109, B110",2016-09-27,필기
371,ADsP(국가공인 데이터분석 준전문가),전환검정,1,2016-08-27,13:00:00,2016-06-13,2016-08-15,제1회차 ADsP 전환검정: (서울) 동국대학교 문화관 2층,2016-09-27,필기
372,SQLP(국가공인 SQL 전문가),일반검정,22,2016-09-10,13:00:00,2016-06-07,2016-08-29,제22회 SQLP: (서울) 동국대학교 문화관 2층,2016-10-11,필기
373,SQLP(국가공인 SQL 전문가),일반검정,22,2016-09-10,13:00:00,2016-06-07,2016-08-29,제22회 SQLP: (광주) 폐쇄,2016-10-11,필기
374,SQLP(국가공인 SQL 전문가),일반검정,22,2016-09-10,13:00:00,2016-06-07,2016-08-29,"제22회 SQLP: (대전) 충남대학교 공과대학 2호관 258A, B",2016-10-11,필기
375,SQLP(국가공인 SQL 전문가),일반검정,22,2016-09-10,13:00:00,2016-06-07,2016-08-29,제22회 SQLP: (대구) 영남이공대학교 컴퓨터정보관 2층 121호,2016-10-11,필기
376,SQLP(국가공인 SQL 전문가),일반검정,22,2016-09-10,13:00:00,2016-06-07,2016-08-29,"제22회 SQLP: (부산) 경성대학교 정보관(26호관) B109, B110",2016-10-11,필기
377,SQLD(국가공인 SQL 개발자),일반검정,22,2016-09-10,13:00:00,2016-06-07,2016-08-29,"제22회 SQLD: (대전) 충남대학교 공과대학 2호관 258A, B",2016-10-11,필기
378,SQLD(국가공인 SQL 개발자),일반검정,22,2016-09-10,13:00:00,2016-06-07,2016-08-29,제22회 SQLD: (대구) 영남이공대학교 컴퓨터정보관 2층 121호,2016-10-11,필기
379,SQLD(국가공인 SQL 개발자),일반검정,22,2016-09-10,13:00:00,2016-06-07,2016-08-29,제22회 SQLD: (광주) 폐쇄,2016-10-11,필기
380,SQLD(국가공인 SQL 개발자),일반검정,22,2016-09-10,13:00:00,2016-06-07,2016-08-29,"제22회 SQLD: (부산) 경성대학교 정보관(26호관) B109, B110",2016-10-11,필기
381,SQLD(국가공인 SQL 개발자),일반검정,22,2016-09-10,13:00:00,2016-06-07,2016-08-29,"제22회 SQLD: (서울) 동국대학교 문화관 3,4층",2016-10-11,필기
382,DAP(국가공인 데이터아키텍처 전문가),일반검정,33,2016-10-08,13:00:00,2016-06-13,2016-09-26,제33회 DAP: (부산) 경성대학교 정보관(26호관) B110,2016-11-08,필기
383,DAP(국가공인 데이터아키텍처 전문가),일반검정,33,2016-10-08,13:00:00,2016-06-13,2016-09-26,제33회 DAP: (대전) 충남대학교 공과대학 2호관 258A,2016-11-08,필기
384,DAP(국가공인 데이터아키텍처 전문가),일반검정,33,2016-10-08,13:00:00,2016-06-13,2016-09-26,"제33회 DAP: (서울) 건국대학교 인문학관(문과대학) 2, 3층",2016-11-08,필기
385,DAsP(데이터아키텍처 준전문가),일반검정,28,2016-10-08,13:00:00,2016-06-13,2016-09-26,제28회 DAsP: (대전) 충남대학교 공과대학 2호관 258A,2016-11-08,필기
386,DAsP(데이터아키텍처 준전문가),일반검정,28,2016-10-08,13:00:00,2016-06-13,2016-09-26,"제28회 DAsP: (서울) 건국대학교 인문학관(문과대학) 2, 3층",2016-11-08,필기
387,DAsP(데이터아키텍처 준전문가),일반검정,28,2016-10-08,13:00:00,2016-06-13,2016-09-26,제28회 DAsP: (부산) 경성대학교 정보관(26호관) B110,2016-11-08,필기
388,ADP(국가공인 데이터분석 전문가),일반검정,7,2016-10-29,13:00:00,2016-05-02,2016-10-17,제7회 ADP 실기: (서울) 한국데이터진흥원,2016-11-29,실기
389,ADP(국가공인 데이터분석 전문가),전환검정,1,2016-10-29,13:00:00,2016-06-13,2016-10-17,제1회차 ADP 전환검정: (서울) 한국데이터진흥원,2016-11-29,실기
390,ADsP(국가공인 데이터분석 준전문가),일반검정,11,2016-11-26,13:00:00,2016-08-29,2016-11-14,제11회 ADsP: (경북-경산) 경일대학교 산학협력관(25호관) 501호,2016-12-27,필기
391,ADsP(국가공인 데이터분석 준전문가),일반검정,11,2016-11-26,13:00:00,2016-08-29,2016-11-14,제11회 ADsP: (전북-전주) 전북창조경제혁신센터 2층 교육장,2016-12-27,필기
392,ADsP(국가공인 데이터분석 준전문가),일반검정,11,2016-11-26,13:00:00,2016-08-29,2016-11-14,제11회 ADsP: (광주) 김대중컨벤션센터 중소회의실 214호,2016-12-27,필기
393,ADsP(국가공인 데이터분석 준전문가),일반검정,11,2016-11-26,13:00:00,2016-08-29,2016-11-14,"제11회 ADsP: (부산) 부산디자인센터 3층, 4층",2016-12-27,필기
394,ADsP(국가공인 데이터분석 준전문가),일반검정,11,2016-11-26,13:00:00,2016-08-29,2016-11-14,"제11회 ADsP: (대구) 영남이공대학교 컴퓨터정보관 2층 121호, 122호",2016-12-27,필기
395,ADsP(국가공인 데이터분석 준전문가),일반검정,11,2016-11-26,13:00:00,2016-08-29,2016-11-14,"제11회 ADsP: (대전) 충남대학교 공과대학 2호관 258A, B, C",2016-12-27,필기
396,ADsP(국가공인 데이터분석 준전문가),일반검정,11,2016-11-26,13:00:00,2016-08-29,2016-11-14,제11회 ADsP: (서울) 건국대학교 생명과학관 강의동(수험번호0110316까지) / 동물생명과학관(수험번호0110317부터),2016-12-27,필기
397,ADsP(국가공인 데이터분석 준전문가),전환검정,2,2016-11-26,13:00:00,2016-09-28,2016-11-14,제2회차 ADsP 전환검정: (전북-전주) 전북창조경제혁신센터 2층 교육장,2016-12-27,필기
398,ADsP(국가공인 데이터분석 준전문가),전환검정,2,2016-11-26,13:00:00,2016-09-28,2016-11-14,제2회차 ADsP 전환검정: (광주) 김대중컨벤션센터 중소회의실 214호,2016-12-27,필기
399,ADsP(국가공인 데이터분석 준전문가),전환검정,2,2016-11-26,13:00:00,2016-09-28,2016-11-14,"제2회차 ADsP 전환검정: (부산) 부산디자인센터 3층, 4층",2016-12-27,필기
400,ADsP(국가공인 데이터분석 준전문가),전환검정,2,2016-11-26,13:00:00,2016-09-28,2016-11-14,"제2회차 ADsP 전환검정: (대구) 영남이공대학교 컴퓨터정보관 2층 121호, 122호",2016-12-27,필기
401,ADsP(국가공인 데이터분석 준전문가),전환검정,2,2016-11-26,13:00:00,2016-09-28,2016-11-14,"제2회차 ADsP 전환검정: (대전) 충남대학교 공과대학 2호관 258A, B, C",2016-12-27,필기
402,ADsP(국가공인 데이터분석 준전문가),전환검정,2,2016-11-26,13:00:00,2016-09-28,2016-11-14,제2회차 ADsP 전환검정: (서울) 건국대학교 생명과학관 생명환경과학대학 강의동 3층,2016-12-27,필기
403,SQLD(국가공인 SQL 개발자),일반검정,23,2016-12-03,13:00:00,2016-09-12,2016-11-21,제23회 SQLD : (제주) 폐쇄,2017-01-03,필기
404,SQLD(국가공인 SQL 개발자),일반검정,23,2016-12-03,13:00:00,2016-09-12,2016-11-21,제23회 SQLD: (광주) 폐쇄,2017-01-03,필기
405,SQLD(국가공인 SQL 개발자),일반검정,23,2016-12-03,13:00:00,2016-09-12,2016-11-21,제23회 SQLD: (부산) 경성대학교 정보관(26호관) B109,2017-01-03,필기
406,SQLD(국가공인 SQL 개발자),일반검정,23,2016-12-03,13:00:00,2016-09-12,2016-11-21,제23회 SQLD: (대구) 영남이공대학교 컴퓨터정보관 2층 121호,2017-01-03,필기
407,SQLD(국가공인 SQL 개발자),일반검정,23,2016-12-03,13:00:00,2016-09-12,2016-11-21,제23회 SQLD: (대전) 충남대 백마교양교육관(W10),2017-01-03,필기
408,SQLD(국가공인 SQL 개발자),일반검정,23,2016-12-03,13:00:00,2016-09-12,2016-11-21,"제23회 SQLD: (서울) 동국대학교 문화관 3,4층",2017-01-03,필기
409,SQLP(국가공인 SQL 전문가),일반검정,23,2016-12-03,13:00:00,2016-09-12,2016-11-21,제23회 SQLP: (광주) 폐쇄,2017-01-03,필기
410,SQLP(국가공인 SQL 전문가),일반검정,23,2016-12-03,13:00:00,2016-09-12,2016-11-21,제23회 SQLP: (부산) 경성대학교 정보관(26호관) B109,2017-01-03,필기
411,SQLP(국가공인 SQL 전문가),일반검정,23,2016-12-03,13:00:00,2016-09-12,2016-11-21,제23회 SQLP: (대구) 영남이공대학교 컴퓨터정보관 2층 121호,2017-01-03,필기
412,SQLP(국가공인 SQL 전문가),일반검정,23,2016-12-03,13:00:00,2016-09-12,2016-11-21,제23회 SQLP: (대전) 충남대 백마교양교육관(W10),2017-01-03,필기
413,SQLP(국가공인 SQL 전문가),일반검정,23,2016-12-03,13:00:00,2016-09-12,2016-11-21,제23회 SQLP: (서울) 동국대학교 문화관 3층,2017-01-03,필기
414,DAP(국가공인 데이터아키텍처 전문가),일반검정,34,2016-12-10,13:00:00,2016-10-10,2016-11-28,제34회 DAP: (부산) 경성대학교 정보관(26호관) B109,2017-01-10,필기
415,DAP(국가공인 데이터아키텍처 전문가),일반검정,34,2016-12-10,13:00:00,2016-10-10,2016-11-28,제34회 DAP: (대전) 충남대학교 공과대학 2호관 258A,2017-01-10,필기
416,DAP(국가공인 데이터아키텍처 전문가),일반검정,34,2016-12-10,13:00:00,2016-10-10,2016-11-28,제34회 DAP: (서울) 동국대학교 문화관 3층,2017-01-10,필기
417,DAsP(데이터아키텍처 준전문가),일반검정,29,2016-12-10,13:00:00,2016-10-10,2016-11-28,제29회 DAsP: (서울) 동국대학교 문화관 3층,2017-01-10,필기
418,DAP(국가공인 데이터아키텍처 전문가),일반검정,29,2016-12-10,13:00:00,2016-10-10,2016-11-28,제29회 DAP: (부산) 경성대학교 정보관(26호관) B109,2017-01-10,필기
419,DAP(국가공인 데이터아키텍처 전문가),일반검정,29,2016-12-10,13:00:00,2016-10-10,2016-11-28,제29회 DAP : (대전) 충남대학교 공과대학 2호관 258A,2017-01-10,필기
420,ADP(국가공인 데이터분석 전문가),일반검정,8,2017-03-04,13:00:00,2017-01-01,2017-02-20,제8회 ADP : (광주) 김대중컨벤션센터 중소회의실 211호,2017-04-04,필기
421,ADP(국가공인 데이터분석 전문가),일반검정,8,2017-03-04,13:00:00,2017-01-01,2017-02-20,제8회 ADP : (부산) 경성대학교 건학기념관(30호관) 7층,2017-04-04,필기
422,ADP(국가공인 데이터분석 전문가),일반검정,8,2017-03-04,13:00:00,2017-01-01,2017-02-20,제8회 ADP : (대구) 경북대학교 IT융합산업빌딩 2층,2017-04-04,필기
423,ADP(국가공인 데이터분석 전문가),일반검정,8,2017-03-04,13:00:00,2017-01-01,2017-02-20,"제8회 ADP : (대전) 충남대학교 공과대학 2호관 258A, B",2017-04-04,필기
424,ADP(국가공인 데이터분석 전문가),일반검정,8,2017-03-04,13:00:00,2017-01-01,2017-02-20,제8회 ADP : (서울) 동국대학교 문화관 2층,2017-04-04,필기
425,ADsP(국가공인 데이터분석 준전문가),일반검정,12,2017-03-04,13:00:00,2017-01-01,2017-02-20,제12회 ADsP : (부산) 경성대학교 건학기념관(30호관) 7층,2017-04-04,필기
426,ADsP(국가공인 데이터분석 준전문가),일반검정,12,2017-03-04,13:00:00,2017-01-01,2017-02-20,제12회 ADsP : (광주) 김대중컨벤션센터 중소회의실 211호,2017-04-04,필기
427,ADsP(국가공인 데이터분석 준전문가),일반검정,12,2017-03-04,13:00:00,2017-01-01,2017-02-20,제12회 ADsP : (대구) 경북대학교 IT융합산업빌딩 2층,2017-04-04,필기
428,ADsP(국가공인 데이터분석 준전문가),일반검정,12,2017-03-04,13:00:00,2017-01-01,2017-02-20,"제12회 ADsP : (대전) 충남대학교 공과대학 2호관 258A, B",2017-04-04,필기
429,ADsP(국가공인 데이터분석 준전문가),일반검정,12,2017-03-04,13:00:00,2017-01-01,2017-02-20,"제12회 ADsP : (서울) 동국대학교 문화관 3,4층",2017-04-04,필기
430,ADsP(국가공인 데이터분석 준전문가),전환검정,3,2017-03-04,13:00:00,2017-02-22,2017-02-22,제3차 ADsP 전환검정: (광주) 김대중컨벤션센터 중소회의실 211호,2017-04-04,필기
431,ADsP(국가공인 데이터분석 준전문가),전환검정,3,2017-03-04,13:00:00,2017-02-22,2017-02-22,제3회차 ADsP 전환검정 : (부산) 경성대학교 건학기념관(30호관) 7층,2017-04-04,필기
432,ADsP(국가공인 데이터분석 준전문가),전환검정,3,2017-03-04,13:00:00,2017-02-22,2017-02-22,제3회차 ADsP 전환검정 : (대구) 경북대학교 IT융합산업빌딩 2층,2017-04-04,필기
433,ADsP(국가공인 데이터분석 준전문가),전환검정,3,2017-03-04,13:00:00,2017-02-22,2017-02-22,"제3회차 ADsP 전환검정 : (대전) 충남대학교 공과대학 2호관 258A, B",2017-04-04,필기
434,ADsP(국가공인 데이터분석 준전문가),전환검정,3,2017-03-04,13:00:00,2017-02-22,2017-02-22,제3회차 ADsP 전환검정 : (서울) 동국대학교 문화관 3층,2017-04-04,필기
435,SQLP(국가공인 SQL 전문가),일반검정,24,2017-03-18,13:00:00,2017-01-01,2017-03-06,제24회 SQLP : (서울) 동국대학교 문화관 2층,2017-04-18,필기
436,SQLP(국가공인 SQL 전문가),일반검정,24,2017-03-18,13:00:00,2017-01-01,2017-03-06,제24회 SQLP : (대전) 충남대학교 공과대학 2호관 258A,2017-04-18,필기
437,SQLP(국가공인 SQL 전문가),일반검정,24,2017-03-18,13:00:00,2017-01-01,2017-03-06,제24회 SQLP : (광주) 김대중컨벤션센터 중소회의실 208호,2017-04-18,필기
438,SQLP(국가공인 SQL 전문가),일반검정,24,2017-03-18,13:00:00,2017-01-01,2017-03-06,제24회 SQLP : (부산) 경성대학교 건학기념관(30호관) 401호,2017-04-18,필기
439,SQLP(국가공인 SQL 전문가),일반검정,24,2017-03-18,13:00:00,2017-01-01,2017-03-06,제24회 SQLP : (대구) KTX 동대구역 회의실 103호,2017-04-18,필기
440,SQLD(국가공인 SQL 개발자),일반검정,24,2017-03-18,13:00:00,2017-01-01,2017-03-06,제24회 SQLD : (광주) 김대중컨벤션센터 중소회의실 208호,2017-04-18,필기
441,SQLD(국가공인 SQL 개발자),일반검정,24,2017-03-18,13:00:00,2017-01-01,2017-03-06,"제24회 SQLD : (부산) 경성대학교 건학기념관(30호관) 401호, 402호",2017-04-18,필기
442,SQLD(국가공인 SQL 개발자),일반검정,24,2017-03-18,13:00:00,2017-01-01,2017-03-06,"제24회 SQLD : (대구) KTX 동대구역 회의실 103호, 104호",2017-04-18,필기
443,SQLD(국가공인 SQL 개발자),일반검정,24,2017-03-18,13:00:00,2017-01-01,2017-03-06,제24회 SQLD : (대전) 충남대학교 공과대학 2호관 258A~D,2017-04-18,필기
444,SQLD(국가공인 SQL 개발자),일반검정,24,2017-03-18,13:00:00,2017-01-01,2017-03-06,"제24회 SQLD : (서울) 동국대학교 문화관 2, 3, 4층",2017-04-18,필기
445,DAP(국가공인 데이터아키텍처 전문가),일반검정,35,2017-03-25,13:00:00,2017-01-01,2017-03-13,제35회 DAP : (부산) 경성대학교 건학기념관(30호관) 401호,2017-04-25,필기
446,DAP(국가공인 데이터아키텍처 전문가),일반검정,35,2017-03-25,13:00:00,2017-01-01,2017-03-13,제35회 DAP : (대전) 충남대학교 공과대학 2호관 258A,2017-04-25,필기
447,DAP(국가공인 데이터아키텍처 전문가),일반검정,35,2017-03-25,13:00:00,2017-01-01,2017-03-13,제35회 DAP : (서울) 동국대학교 문화관 3층,2017-04-25,필기
448,DAsP(데이터아키텍처 준전문가),일반검정,30,2017-03-25,13:00:00,2017-01-01,2017-03-13,제30회 DAsP : (서울) 동국대학교 문화관 3층,2017-04-25,필기
449,DAsP(데이터아키텍처 준전문가),일반검정,30,2017-03-25,13:00:00,2017-01-01,2017-03-13,제30회 DAsP : (부산) 경성대학교 건학기념관(30호관) 401호,2017-04-25,필기
450,DAsP(데이터아키텍처 준전문가),일반검정,30,2017-03-25,13:00:00,2017-01-01,2017-03-13,제30회 DAsP : (대전) 충남대학교 공과대학 2호관 258A,2017-04-25,필기
451,ADP(국가공인 데이터분석 전문가),일반검정,8,2017-04-29,13:00:00,2017-01-01,2017-04-17,제8회 ADP 실기: (서울) 한국데이터진흥원,2017-05-30,실기
452,ADP(국가공인 데이터분석 전문가),전환검정,2,2017-04-29,13:00:00,2017-01-01,2017-04-17,제2회차 ADP 실기 전환검정: (서울) 한국데이터진흥원,2017-05-30,실기
453,ADsP(국가공인 데이터분석 준전문가),일반검정,13,2017-05-27,13:00:00,2017-03-06,2017-05-15,제13회 ADsP : (광주) 김대중컨벤션센터 중소회의실,2017-06-27,필기
454,ADsP(국가공인 데이터분석 준전문가),일반검정,13,2017-05-27,13:00:00,2017-03-06,2017-05-15,제13회 ADsP : (부산) 경성대학교 건학기념관 5층 30호관,2017-06-27,필기
455,ADsP(국가공인 데이터분석 준전문가),일반검정,13,2017-05-27,13:00:00,2017-03-06,2017-05-15,"제13회 ADsP : (대구) 영남이공대학교 컴퓨터정보관 2층 121호, 122호",2017-06-27,필기
456,ADsP(국가공인 데이터분석 준전문가),일반검정,13,2017-05-27,13:00:00,2017-03-06,2017-05-15,"제13회 ADsP : (대전) 충남대학교 공과대학 2호관 258A, 258B",2017-06-27,필기
457,ADsP(국가공인 데이터분석 준전문가),일반검정,13,2017-05-27,13:00:00,2017-03-06,2017-05-15,제13회 ADsP : (서울) 건국대학교 공학관 B동 ,2017-06-27,필기
458,DAsP(데이터아키텍처 준전문가),특별검정,14,2017-06-01,13:00:00,2017-05-10,2017-05-23,특별검정 제14회 DAsP: 서울여자대학교,2017-07-01,필기
459,SQLP(국가공인 SQL 전문가),일반검정,25,2017-06-10,13:00:00,2017-03-20,2017-05-29,제25회 SQLP : (광주) 김대중컨벤션센터 중소회의실 204호,2017-07-11,필기
460,SQLP(국가공인 SQL 전문가),일반검정,25,2017-06-10,13:00:00,2017-03-20,2017-05-29,제25회 SQLP : (부산) 경성대학교 건학기념관 401호,2017-07-11,필기
461,SQLP(국가공인 SQL 전문가),일반검정,25,2017-06-10,13:00:00,2017-03-20,2017-05-29,제25회 SQLP : (대전) 충남대학교 공과대학2호관 258A,2017-07-11,필기
462,SQLP(국가공인 SQL 전문가),일반검정,25,2017-06-10,13:00:00,2017-03-20,2017-05-29,제25회 SQLP : (대구) 영남이공대 컴퓨터정보관 121호,2017-07-11,필기
463,SQLP(국가공인 SQL 전문가),일반검정,25,2017-06-10,13:00:00,2017-03-20,2017-05-29,제25회 SQLP : (서울) 동국대학교 문화관 2층,2017-07-11,필기
464,SQLD(국가공인 SQL 개발자),일반검정,25,2017-06-10,13:00:00,2017-03-20,2017-05-29,"제25회 SQLD : (대구) 영남이공대 컴퓨터정보관 121호, 122호",2017-07-11,필기
465,SQLD(국가공인 SQL 개발자),일반검정,25,2017-06-10,13:00:00,2017-03-20,2017-05-29,"제25회 SQLD : (부산) 경성대학교 건학기념관 401호, 402호",2017-07-11,필기
466,SQLD(국가공인 SQL 개발자),일반검정,25,2017-06-10,13:00:00,2017-03-20,2017-05-29,"제25회 SQLD : (서울) 동국대학교 문화관 2, 3, 4층",2017-07-11,필기
467,SQLD(국가공인 SQL 개발자),일반검정,25,2017-06-10,13:00:00,2017-03-20,2017-05-29,"제25회 SQLD : (대전) 충남대학교 공과대학2호관 258A, B, C, D",2017-07-11,필기
468,SQLD(국가공인 SQL 개발자),일반검정,25,2017-06-10,13:00:00,2017-03-20,2017-05-29,제25회 SQLD : (광주) 김대중컨벤션센터 중소회의실 204호,2017-07-11,필기
469,DAP(국가공인 데이터아키텍처 전문가),일반검정,36,2017-06-17,13:00:00,2017-03-27,2017-06-07,제36회 DAP: (대전) 충남대학교 공과대학 2호관 258A,2017-07-18,필기
470,DAP(국가공인 데이터아키텍처 전문가),일반검정,36,2017-06-17,13:00:00,2017-03-27,2017-06-07,제36회 DAP: (부산) 경성대학교 정보관(26호관) B109,2017-07-18,필기
471,DAP(국가공인 데이터아키텍처 전문가),일반검정,36,2017-06-17,13:00:00,2017-03-27,2017-06-07,제36회 DAP: (서울) 동국대학교 문화관 3층,2017-07-18,필기
472,DAsP(데이터아키텍처 준전문가),일반검정,31,2017-06-17,13:00:00,2017-03-27,2017-06-07,제31회 DAsP: (서울) 동국대학교 문화관 3층,2017-07-18,필기
473,DAsP(데이터아키텍처 준전문가),일반검정,31,2017-06-17,13:00:00,2017-03-27,2017-06-07,제31회 DAsP: (부산)  경성대학교 정보관(26호관) B109,2017-07-18,필기
474,DAsP(데이터아키텍처 준전문가),일반검정,31,2017-06-17,13:00:00,2017-03-27,2017-06-07,제31회 DAsP: (대전) 충남대학교 공과대학 2호관 258A,2017-07-18,필기
475,ADP(국가공인 데이터분석 전문가),일반검정,9,2017-09-02,13:00:00,2017-03-06,2017-08-21,제9회 ADP : (부산) 경성대학교 건학기념관 30호관 4층,2017-10-02,필기
476,ADP(국가공인 데이터분석 전문가),일반검정,9,2017-09-02,13:00:00,2017-03-06,2017-08-21,"제9회 ADP : (대전)충남대학교 공과대학 2호관 258A, B, C, D",2017-10-02,필기
477,ADP(국가공인 데이터분석 전문가),일반검정,9,2017-09-02,13:00:00,2017-03-06,2017-08-21,"제9회 ADP : (서울)동국대학교 경영관(0090001~0090080), 문화관(0090081~0090169)",2017-10-02,필기
478,ADP(국가공인 데이터분석 전문가),일반검정,9,2017-09-02,13:00:00,2017-03-06,2017-08-21,"제9회 ADP : (광주)김대중컨벤션센터 중소회의실 308호, 309호",2017-10-02,필기
479,ADP(국가공인 데이터분석 전문가),일반검정,9,2017-09-02,13:00:00,2017-03-06,2017-08-21,"제9회 ADP :  (대구)영남이공대 컴퓨터정보관 121호, 122호",2017-10-02,필기
480,ADsP(국가공인 데이터분석 준전문가),일반검정,14,2017-09-02,13:00:00,2017-05-29,2017-08-21," 제14회 ADsP : (광주) 김대중컨벤션센터 중소회의실 308호, 309호",2017-10-02,필기
481,ADsP(국가공인 데이터분석 준전문가),일반검정,14,2017-09-02,13:00:00,2017-05-29,2017-08-21," 제14회 ADsP : (대구) 영남이공대 컴퓨터정보관 121호, 122호",2017-10-02,필기
482,ADsP(국가공인 데이터분석 준전문가),일반검정,14,2017-09-02,13:00:00,2017-05-29,2017-08-21," 제14회 ADsP : (대전) 충남대학교 공과대학 2호관 258A, B, C, D",2017-10-02,필기
483,ADsP(국가공인 데이터분석 준전문가),일반검정,14,2017-09-02,13:00:00,2017-05-29,2017-08-21, 제14회 ADsP : (부산) 경성대학교 건학기념관 30호관 4층,2017-10-02,필기
484,ADsP(국가공인 데이터분석 준전문가),일반검정,14,2017-09-02,13:00:00,2017-05-29,2017-08-21," 제14회 ADsP : (서울) 동국대학교 문화관 2,3,4층",2017-10-02,필기
485,SQLP(국가공인 SQL 전문가),일반검정,26,2017-09-09,13:00:00,2017-06-12,2017-08-28,제26회 SQLP : (부산) 경성대학교 건학기념관(30호관) 4층,2017-10-10,필기
486,SQLP(국가공인 SQL 전문가),일반검정,26,2017-09-09,13:00:00,2017-06-12,2017-08-28,제26회 SQLP : (대전) 충남대학교 공과대학 2호관 258A,2017-10-10,필기
487,SQLP(국가공인 SQL 전문가),일반검정,26,2017-09-09,13:00:00,2017-06-12,2017-08-28,제26회 SQLP : (서울) 동국대학교 문화관 2층,2017-10-10,필기
488,SQLP(국가공인 SQL 전문가),일반검정,26,2017-09-09,13:00:00,2017-06-12,2017-08-28,제26회 SQLP : (광주) 김대중컨벤션센터 중소회의실 213호,2017-10-10,필기
489,SQLP(국가공인 SQL 전문가),일반검정,26,2017-09-09,13:00:00,2017-06-12,2017-08-28,제26회 SQLP : (대구) 영남이공대 컴퓨터정보관 121호,2017-10-10,필기
490,SQLD(국가공인 SQL 개발자),일반검정,26,2017-09-09,13:00:00,2017-06-12,2017-08-28,제26회 SQLD: (광주) 김대중컨벤션센터 중소회의실 213호,2017-10-10,필기
491,SQLD(국가공인 SQL 개발자),일반검정,26,2017-09-09,13:00:00,2017-06-12,2017-08-28,"제26회 SQLD: (대구) 영남이공대 컴퓨터정보관 2층 121호, 122호",2017-10-10,필기
492,SQLD(국가공인 SQL 개발자),일반검정,26,2017-09-09,13:00:00,2017-06-12,2017-08-28,"제26회 SQLD : (서울) 동국대 문화관(0260001~0261182), 사회과학관 4층(0261183~0261255)",2017-10-10,필기
493,SQLD(국가공인 SQL 개발자),일반검정,26,2017-09-09,13:00:00,2017-06-12,2017-08-28,"제26회 SQLD: (부산) 경성대학교 건학기념관(30호관) 401호, 402호",2017-10-10,필기
494,SQLD(국가공인 SQL 개발자),일반검정,26,2017-09-09,13:00:00,2017-06-12,2017-08-28,"제26회 SQLD: (대전) 충남대학교 공과대학 2호관 258A, B, C, D",2017-10-10,필기
495,DAP(국가공인 데이터아키텍처 전문가),일반검정,37,2017-09-16,13:00:00,2017-06-19,2017-09-04,제37회 DAP: (부산) 부산디자인센터 3층,2017-10-17,필기
496,DAP(국가공인 데이터아키텍처 전문가),일반검정,37,2017-09-16,13:00:00,2017-06-19,2017-09-04,제37회 DAP: (대전) 충남대학교 공과대학 2호관 258A,2017-10-17,필기
497,DAP(국가공인 데이터아키텍처 전문가),일반검정,37,2017-09-16,13:00:00,2017-06-19,2017-09-04,제37회 DAP: (서울) 동국대학교 문화관 3층,2017-10-17,필기
498,DAsP(데이터아키텍처 준전문가),일반검정,32,2017-09-16,13:00:00,2017-06-19,2017-09-04,제32회 DAsP: (부산) 부산디자인센터 3층,2017-10-17,필기
499,DAsP(데이터아키텍처 준전문가),일반검정,32,2017-09-16,13:00:00,2017-06-19,2017-09-04,제32회 DAsP: (대전) 충남대학교 공과대학 2호관 258A,2017-10-17,필기
500,DAsP(데이터아키텍처 준전문가),일반검정,32,2017-09-16,13:00:00,2017-06-19,2017-09-04,제32회 DAsP: (서울) 동국대학교 문화관 3층,2017-10-17,필기
501,ADP(국가공인 데이터분석 전문가),일반검정,9,2017-10-28,13:00:00,2017-05-01,2017-10-16,제9회 ADP 실기 검정 : (서울) 한국데이터진흥원,2017-11-28,실기
502,ADsP(국가공인 데이터분석 준전문가),일반검정,15,2017-11-25,13:00:00,2017-09-04,2017-11-13,제15회 ADsP : (부산) 벡스코 제2전시장 3층                  ,2017-12-27,필기
503,ADsP(국가공인 데이터분석 준전문가),일반검정,15,2017-11-25,13:00:00,2017-09-04,2017-11-13,"제15회 ADsP : (광주) 김대중컨벤션센터 중소회의실 308호, 309호",2017-12-27,필기
504,ADsP(국가공인 데이터분석 준전문가),일반검정,15,2017-11-25,13:00:00,2017-09-04,2017-11-13,제15회 ADsP : (대구) 영남이공대 컴퓨터정보관 2층,2017-12-27,필기
505,ADsP(국가공인 데이터분석 준전문가),일반검정,15,2017-11-25,13:00:00,2017-09-04,2017-11-13,"제15회 ADsP : (대전) 충남대학교 공과대학 2호관 258A, B, C",2017-12-27,필기
506,ADsP(국가공인 데이터분석 준전문가),일반검정,15,2017-11-25,13:00:00,2017-09-04,2017-11-13,제15회 ADsP : (서울) 건국대학교 공학관 B동 ,2017-12-27,필기
507,SQLP(국가공인 SQL 전문가),일반검정,27,2017-12-02,13:00:00,2017-01-01,2017-11-20,제27회 SQLP: (서울) 동국대학교 문화관,2018-01-03,필기
508,SQLP(국가공인 SQL 전문가),일반검정,27,2017-12-02,13:00:00,2017-01-01,2017-11-20,제27회 SQLP: (광주) 개설되지 않습니다.,2018-01-03,필기
509,SQLP(국가공인 SQL 전문가),일반검정,27,2017-12-02,13:00:00,2017-01-01,2017-11-20,제27회 SQLP: (부산) 벡스코 제2전시장 3층 324호,2018-01-03,필기
510,SQLP(국가공인 SQL 전문가),일반검정,27,2017-12-02,13:00:00,2017-01-01,2017-11-20,제27회 SQLP: (대구) 엑스코 5층 소회의실 504호,2018-01-03,필기
511,SQLP(국가공인 SQL 전문가),일반검정,27,2017-12-02,13:00:00,2017-01-01,2017-11-20,제27회 SQLP: (대전) 충남대학교 공과대학 2호관 258 A,2018-01-03,필기
512,SQLD(국가공인 SQL 개발자),일반검정,27,2017-12-02,13:00:00,2017-01-01,2017-11-20,제27회 SQLD: (부산) 벡스코 제2전시장 3층 324~326호,2018-01-03,필기
513,SQLD(국가공인 SQL 개발자),일반검정,27,2017-12-02,13:00:00,2017-01-01,2017-11-20,제27회 SQLD: (대전) 충남대학교 공과대학 2호관 258 A~G,2018-01-03,필기
514,SQLD(국가공인 SQL 개발자),일반검정,27,2017-12-02,13:00:00,2017-01-01,2017-11-20,제27회 SQLD: (서울) 동국대학교 문화관,2018-01-03,필기
515,SQLD(국가공인 SQL 개발자),일반검정,27,2017-12-02,13:00:00,2017-01-01,2017-11-20,"제27회 SQLD: (광주) 김대중컨벤션센터 중소회의실 308, 309호",2018-01-03,필기
516,SQLD(국가공인 SQL 개발자),일반검정,27,2017-12-02,13:00:00,2017-01-01,2017-11-20,제27회 SQLD: (대구) 엑스코 5층 소회의실 504호,2018-01-03,필기
517,DAsP(데이터아키텍처 준전문가),특별검정,15,2017-12-06,18:00:00,2017-11-08,2017-11-26,특별검정 제15회 DAsP: 삼육대학교,2017-12-26,필기
518,DAsP(데이터아키텍처 준전문가),일반검정,38,2017-12-09,13:00:00,2017-09-18,2017-11-27,제38회 DAP: (부산)부산디자인센터 3층,2018-01-09,필기
519,DAP(국가공인 데이터아키텍처 전문가),일반검정,38,2017-12-09,13:00:00,2017-09-18,2017-11-27,제38회 DAP: (대전) 충남대학교 공과대학 2호관 258A,2018-01-09,필기
520,DAP(국가공인 데이터아키텍처 전문가),일반검정,38,2017-12-09,13:00:00,2017-09-18,2017-11-27,제38회 DAP: (서울) 동국대학교 문화관 3층,2018-01-09,필기
521,DAsP(데이터아키텍처 준전문가),일반검정,33,2017-12-09,13:00:00,2017-09-18,2017-11-27,제33회 DAsP: (부산) 부산디자인센터 3층,2018-01-09,필기
522,DAsP(데이터아키텍처 준전문가),일반검정,33,2017-12-09,13:00:00,2017-09-18,2017-11-27,제33회 DAsP: (대전) 충남대학교 공과대학 2호관 258A,2018-01-09,필기
523,DAsP(데이터아키텍처 준전문가),일반검정,33,2017-12-09,13:00:00,2017-09-18,2017-11-27,제33회 DAsP: (서울) 동국대학교 문화관 3층,2018-01-09,필기
524,ADP(국가공인 데이터분석 전문가),일반검정,10,2018-03-10,13:00:00,2017-12-28,2018-02-19,"제10회 ADP : (광주)김대중컨벤션센터 중소회의실 308, 309호",2018-04-10,필기
525,ADP(국가공인 데이터분석 전문가),일반검정,10,2018-03-10,13:00:00,2017-12-28,2018-02-19,제10회 ADP : (부산) 디자인센터 3층,2018-04-10,필기
526,ADP(국가공인 데이터분석 전문가),일반검정,10,2018-03-10,13:00:00,2017-12-28,2018-02-19,제10회 ADP : (대구) 경북대학교 IT융합산업빌딩 2층,2018-04-10,필기
527,ADP(국가공인 데이터분석 전문가),일반검정,10,2018-03-10,13:00:00,2017-12-28,2018-02-19,제10회 ADP : (대전) 충남대학교 공과대학 2호관  258A,2018-04-10,필기
528,ADP(국가공인 데이터분석 전문가),일반검정,10,2018-03-10,13:00:00,2017-12-28,2018-02-19,제10회 ADP : (서울) 동국대학교 문화관 2층,2018-04-10,필기
529,ADsP(국가공인 데이터분석 준전문가),일반검정,16,2018-03-10,13:00:00,2017-12-28,2018-02-19,"제16회 ADsP : (광주)김대중컨벤션센터 중소회의실 308, 309호",2018-04-10,필기
530,ADsP(국가공인 데이터분석 준전문가),일반검정,16,2018-03-10,13:00:00,2017-12-28,2018-02-19,제16회 ADsP : (부산) 디자인센터 3~4층,2018-04-10,필기
531,ADsP(국가공인 데이터분석 준전문가),일반검정,16,2018-03-10,13:00:00,2017-12-28,2018-02-19,제16회 ADsP : (대구) 경북대학교 IT융합산업빌딩 2층,2018-04-10,필기
532,ADsP(국가공인 데이터분석 준전문가),일반검정,16,2018-03-10,13:00:00,2017-12-28,2018-02-19,제16회 ADsP : (대전) 충남대학교 공과대학 2호관 258A~D,2018-04-10,필기
533,ADsP(국가공인 데이터분석 준전문가),일반검정,16,2018-03-10,13:00:00,2017-12-28,2018-02-19,"제16회 ADsP : (서울) 동국대학교 문화관 2,3,4층",2018-04-10,필기
534,SQLP(국가공인 SQL 전문가),일반검정,28,2018-03-17,13:00:00,2017-12-28,2018-02-26,"제28회 SQLP: (광주) 김대중컨벤션센터 중소회의실 311, 312호",2018-04-17,필기
535,SQLP(국가공인 SQL 전문가),일반검정,28,2018-03-17,13:00:00,2017-12-28,2018-02-26,제28회 SQLP: (부산) 벡스코 제2전시장 3층 ,2018-04-17,필기
536,SQLP(국가공인 SQL 전문가),일반검정,28,2018-03-17,13:00:00,2017-12-28,2018-02-26,제28회 SQLP: (대구) 경북대학교 IT융합산업빌딩 2층,2018-04-17,필기
537,SQLP(국가공인 SQL 전문가),일반검정,28,2018-03-17,13:00:00,2017-12-28,2018-02-26,제28회 SQLP: (대전) 충남대학교 공과대학 2호관 258A,2018-04-17,필기
538,SQLP(국가공인 SQL 전문가),일반검정,28,2018-03-17,13:00:00,2017-12-28,2018-02-26,"제28회 SQLP: (서울) 동국대학교 문화관 2,3,4층",2018-04-17,필기
539,SQLD(국가공인 SQL 개발자),일반검정,28,2018-03-17,13:00:00,2017-12-28,2018-02-26,제28회 SQLD: (대구) 경북대학교 IT융합산업빌딩 2층,2018-04-17,필기
540,SQLD(국가공인 SQL 개발자),일반검정,28,2018-03-17,13:00:00,2017-12-28,2018-02-26,제28회 SQLD: (대전) 충남대학교 공과대학 2호관 258B~D,2018-04-17,필기
541,SQLD(국가공인 SQL 개발자),일반검정,28,2018-03-17,13:00:00,2017-12-28,2018-02-26,"제28회 SQLD: (광주) 김대중컨벤션센터 중소회의실 311, 312호",2018-04-17,필기
542,SQLD(국가공인 SQL 개발자),일반검정,28,2018-03-17,13:00:00,2017-12-28,2018-02-26,제28회 SQLD: (부산) 벡스코 제2전시장 3층,2018-04-17,필기
543,SQLD(국가공인 SQL 개발자),일반검정,28,2018-03-17,13:00:00,2017-12-28,2018-02-26,"제28회 SQLD: (서울) 동국대학교 문화관 2,3,4층",2018-04-17,필기
544,DAsP(데이터아키텍처 준전문가),일반검정,34,2018-03-24,13:00:00,2017-12-28,2018-03-05,제34회 DAsP: (부산) KTX 부산역 회의실 104호 동백섬,2018-04-24,필기
545,DAsP(데이터아키텍처 준전문가),일반검정,34,2018-03-24,13:00:00,2017-12-28,2018-03-05,제34회 DAsP: (대전) 충남대학교 공과대학 2호관 258A,2018-04-24,필기
546,DAsP(데이터아키텍처 준전문가),일반검정,34,2018-03-24,13:00:00,2017-12-28,2018-03-05,제34회 DAsP: (서울) 동국대학교 문화관 3층,2018-04-24,필기
547,DAP(국가공인 데이터아키텍처 전문가),일반검정,39,2018-03-24,13:00:00,2017-12-28,2018-03-05,제39회 DAP: (대전) 충남대학교 공과대학 2호관 258A,2018-04-24,필기
548,DAP(국가공인 데이터아키텍처 전문가),일반검정,39,2018-03-24,13:00:00,2017-12-28,2018-03-05,제39회 DAP: (부산) KTX 부산역 회의실 104호 동백섬,2018-04-24,필기
549,DAP(국가공인 데이터아키텍처 전문가),일반검정,39,2018-03-24,13:00:00,2017-12-28,2018-03-05,제39회 DAP: (서울) 동국대학교 문화관 3층,2018-04-24,필기
550,ADP(국가공인 데이터분석 전문가),일반검정,10,2018-05-26,13:00:00,2017-12-28,2018-05-07,제10회 ADP 실기검정 : (서울) 한국데이터진흥원,2018-06-26,실기
551,DAsP(데이터아키텍처 준전문가),특별검정,16,2018-05-29,14:00:00,2018-05-09,2018-05-25,[특별검정] 제16회 DAsP 자격검정,2018-06-15,필기
552,ADsP(국가공인 데이터분석 준전문가),일반검정,17,2018-06-02,13:00:00,2018-03-14,2018-05-14,제17회 ADsP : (광주)김대중컨벤션센터 중소회의실 311+312호,2018-07-02,필기
553,ADsP(국가공인 데이터분석 준전문가),일반검정,17,2018-06-02,13:00:00,2018-03-14,2018-05-14,"제17회 ADsP : (대구)영남이공대 천마스퀘어 미래인재교육개발원 1층 미래 2, 3, 6관",2018-07-02,필기
554,ADsP(국가공인 데이터분석 준전문가),일반검정,17,2018-06-02,13:00:00,2018-03-14,2018-05-14,제17회 ADsP : (전북 - 익산) 원광대학교 자연과학대학 201호,2018-07-02,필기
555,ADsP(국가공인 데이터분석 준전문가),일반검정,17,2018-06-02,13:00:00,2018-03-14,2018-05-14,"제17회 ADsP : (서울)동국대학교 문화관 2, 3, 4층",2018-07-02,필기
556,ADsP(국가공인 데이터분석 준전문가),일반검정,17,2018-06-02,13:00:00,2018-03-14,2018-05-14,제17회 ADsP : (강원-춘천)고사장 폐쇄,2018-07-02,필기
557,ADsP(국가공인 데이터분석 준전문가),일반검정,17,2018-06-02,13:00:00,2018-03-14,2018-05-14,제17회 ADsP : (인천)인하공업전문대학 5호관 115~117호,2018-07-02,필기
558,ADsP(국가공인 데이터분석 준전문가),일반검정,17,2018-06-02,13:00:00,2018-03-14,2018-05-14,제17회 ADsP : (대전)충남대학교 공과대학 2호관 258A~C,2018-07-02,필기
559,ADsP(국가공인 데이터분석 준전문가),일반검정,17,2018-06-02,13:00:00,2018-03-14,2018-05-14,"제17회 ADsP : (부산)부산디자인센터 강연장, 세미나실 A, B(3~4F)",2018-07-02,필기
560,SQLP(국가공인 SQL 전문가),일반검정,29,2018-06-09,13:00:00,2018-03-19,2018-05-21,제29회 SQLP : (강원) 폐쇄,2018-07-10,필기
561,SQLP(국가공인 SQL 전문가),일반검정,29,2018-06-09,13:00:00,2018-03-19,2018-05-21,제29회 SQLP : (인천) 인하공업전문대학 5호관 115~117호,2018-07-10,필기
562,SQLP(국가공인 SQL 전문가),일반검정,29,2018-06-09,13:00:00,2018-03-19,2018-05-21,제29회 SQLP : (광주) 폐쇄,2018-07-10,필기
563,SQLP(국가공인 SQL 전문가),일반검정,29,2018-06-09,13:00:00,2018-03-19,2018-05-21,제29회 SQLP : (부산) 폐쇄,2018-07-10,필기
564,SQLP(국가공인 SQL 전문가),일반검정,29,2018-06-09,13:00:00,2018-03-19,2018-05-21,"제29회 SQLP : (대구) 대구경북디자인센터 세미나실(5F), 디자인 교육실 1, 3실(7F)",2018-07-10,필기
565,SQLP(국가공인 SQL 전문가),일반검정,29,2018-06-09,13:00:00,2018-03-19,2018-05-21,제29회 SQLP : (대전) 충남대학교 공과대학 2호관 258A~C,2018-07-10,필기
566,SQLP(국가공인 SQL 전문가),일반검정,29,2018-06-09,13:00:00,2018-03-19,2018-05-21,"제29회 SQLP : (서울) 동국대학교 문화관 2, 3, 4층",2018-07-10,필기
567,SQLD(국가공인 SQL 개발자),일반검정,29,2018-06-09,13:00:00,2018-03-19,2018-05-21,제29회 SQLD: (강원) 폐쇄,2018-07-10,필기
568,SQLD(국가공인 SQL 개발자),일반검정,29,2018-06-09,13:00:00,2018-03-19,2018-05-21,제29회 SQLD: (인천) 인하공업전문대학 5호관 115~117호,2018-07-10,필기
569,SQLD(국가공인 SQL 개발자),일반검정,29,2018-06-09,13:00:00,2018-03-19,2018-05-21,제29회 SQLD: (광주) 폐쇄,2018-07-10,필기
570,SQLD(국가공인 SQL 개발자),일반검정,29,2018-06-09,13:00:00,2018-03-19,2018-05-21,"제29회 SQLD: (부산) 부산디자인센터 세미나실 A, B(3F)",2018-07-10,필기
571,SQLD(국가공인 SQL 개발자),일반검정,29,2018-06-09,13:00:00,2018-03-19,2018-05-21,"제29회 SQLD: (대구) 대구경북디자인센터 세미나실(5F), 디자인 교육실 1, 3실(7F)",2018-07-10,필기
572,SQLD(국가공인 SQL 개발자),일반검정,29,2018-06-09,13:00:00,2018-03-19,2018-05-21,제29회 SQLD: (대전) 충남대학교 공과대학 2호관 258A~C,2018-07-10,필기
573,SQLD(국가공인 SQL 개발자),일반검정,29,2018-06-09,13:00:00,2018-03-19,2018-05-21,"제29회 SQLD: (서울) 동국대 문화관 3,4층(0290001~0290969), 경영관 3층(0290970~0291085)",2018-07-10,필기
574,DAP(국가공인 데이터아키텍처 전문가),일반검정,40,2018-06-16,13:00:00,2018-03-26,2018-05-28,제40회 DAP: (부산) 부산디자인센터 세미나실 A(3F),2018-07-17,필기
575,DAP(국가공인 데이터아키텍처 전문가),일반검정,40,2018-06-16,13:00:00,2018-03-26,2018-05-28,제40회 DAP: (대전) 충남대학교 공과대학 2호관 258A,2018-07-17,필기
576,DAP(국가공인 데이터아키텍처 전문가),일반검정,40,2018-06-16,13:00:00,2018-03-26,2018-05-28,제40회 DAP: (서울) 동국대학교 문화관 3층,2018-07-17,필기
577,DAsP(데이터아키텍처 준전문가),일반검정,35,2018-06-16,13:00:00,2018-03-26,2018-05-28,제35회 DAsP: (부산) 부산디자인센터 세미나실 A(3F),2018-07-17,필기
578,DAsP(데이터아키텍처 준전문가),일반검정,35,2018-06-16,13:00:00,2018-03-26,2018-05-28,제35회 DAsP: (대전) 충남대학교 공과대학 2호관 258A,2018-07-17,필기
579,DAsP(데이터아키텍처 준전문가),일반검정,35,2018-06-16,13:00:00,2018-03-26,2018-05-28,제35회 DAsP: (서울) 동국대학교 문화관 3층,2018-07-17,필기
580,ADP(국가공인 데이터분석 전문가),일반검정,11,2018-08-25,13:00:00,2018-03-14,2018-08-06,제11회 ADP : (대구)영남이공대 천마스퀘어 미래인재교육개발원 1층,2018-09-21,필기
581,ADP(국가공인 데이터분석 전문가),일반검정,11,2018-08-25,13:00:00,2018-03-14,2018-08-06,제11회 ADP : (대전)충남대학교 공과대학 2호관 2층 258A~258G,2018-09-21,필기
582,ADP(국가공인 데이터분석 전문가),일반검정,11,2018-08-25,13:00:00,2018-03-14,2018-08-06,제11회 ADP : (서울)동국대학교 문화관 2층,2018-09-21,필기
583,ADP(국가공인 데이터분석 전문가),일반검정,11,2018-08-25,13:00:00,2018-03-14,2018-08-06,제11회 ADP : (부산)경성대학교 건학기념관 4층,2018-09-21,필기
584,ADP(국가공인 데이터분석 전문가),일반검정,11,2018-08-25,13:00:00,2018-03-14,2018-08-06,제11회 ADP : (인천)인하공업전문대학 5호관 3층,2018-09-21,필기
585,ADP(국가공인 데이터분석 전문가),일반검정,11,2018-08-25,13:00:00,2018-03-14,2018-08-06,제11회 ADP : (광주)광주상공회의소 지하 1층,2018-09-21,필기
586,ADsP(국가공인 데이터분석 준전문가),일반검정,18,2018-08-25,13:00:00,2018-06-04,2018-08-06,제18회 ADsP : (대전) 충남대학교 공과대학 2호관 2층 258A~258G,2018-09-21,필기
587,ADsP(국가공인 데이터분석 준전문가),일반검정,18,2018-08-25,13:00:00,2018-06-04,2018-08-06,제18회 ADsP : (광주) 광주상공회의소 지하 1층,2018-09-21,필기
588,ADsP(국가공인 데이터분석 준전문가),일반검정,18,2018-08-25,13:00:00,2018-06-04,2018-08-06,제18회 ADsP : (인천) 인하공업전문대학 5호관 3층,2018-09-21,필기
589,ADsP(국가공인 데이터분석 준전문가),일반검정,18,2018-08-25,13:00:00,2018-06-04,2018-08-06,제18회 ADsP : (대구) 영남이공대 천마스퀘어 미래인재교육개발원 1층,2018-09-21,필기
590,ADsP(국가공인 데이터분석 준전문가),일반검정,18,2018-08-25,13:00:00,2018-06-04,2018-08-06,제18회 ADsP : (부산) 경성대학교 건학기념관 4층,2018-09-21,필기
591,ADsP(국가공인 데이터분석 준전문가),일반검정,18,2018-08-25,13:00:00,2018-06-04,2018-08-06,"제18회 ADsP : (서울) 동국대학교 문화관(3층, 4층) / 경영관(3층, 4층)",2018-09-21,필기
592,SQLD(국가공인 SQL 개발자),일반검정,30,2018-09-01,13:00:00,2018-06-11,2018-08-13,제30회 SQLD : (인천) 인하공업전문대학 5호관 1층,2018-10-02,필기
593,SQLD(국가공인 SQL 개발자),일반검정,30,2018-09-01,13:00:00,2018-06-11,2018-08-13,제30회 SQLD : (광주) 김대중컨벤션센터 제2컨벤션센터 2층(212~213호),2018-10-02,필기
594,SQLD(국가공인 SQL 개발자),일반검정,30,2018-09-01,13:00:00,2018-06-11,2018-08-13,제30회 SQLD : (부산) 한영평생교육원 2층,2018-10-02,필기
595,SQLD(국가공인 SQL 개발자),일반검정,30,2018-09-01,13:00:00,2018-06-11,2018-08-13,제30회 SQLD : (대구) 영남이공대 천마스퀘어 미래인재교육개발원 1층,2018-10-02,필기
596,SQLD(국가공인 SQL 개발자),일반검정,30,2018-09-01,13:00:00,2018-06-11,2018-08-13,제30회 SQLD : (대전) 충남대학교 공과대학 2호관 2층,2018-10-02,필기
597,SQLD(국가공인 SQL 개발자),일반검정,30,2018-09-01,13:00:00,2018-06-11,2018-08-13,"제30회 SQLD : (서울) 동국대학교 문화관 3층,4층, 경영관 3층",2018-10-02,필기
598,SQLP(국가공인 SQL 전문가),일반검정,30,2018-09-01,13:00:00,2018-06-11,2018-08-13,제30회 SQLP : (광주) 김대중컨벤션센터 제2컨벤션센터 2층(212~213),2018-10-02,필기
599,SQLP(국가공인 SQL 전문가),일반검정,30,2018-09-01,13:00:00,2018-06-11,2018-08-13,제30회 SQLP : (부산) 한영평생교육원 2층,2018-10-02,필기
600,SQLP(국가공인 SQL 전문가),일반검정,30,2018-09-01,13:00:00,2018-06-11,2018-08-13,제30회 SQLP : (대구) 영남이공대 천마스퀘어 미래인재교육개발원 1층,2018-10-02,필기
601,SQLP(국가공인 SQL 전문가),일반검정,30,2018-09-01,13:00:00,2018-06-11,2018-08-13,제30회 SQLP : (대전) 충남대학교 공과대학 2호관 2층,2018-10-02,필기
602,SQLP(국가공인 SQL 전문가),일반검정,30,2018-09-01,13:00:00,2018-06-11,2018-08-13,제30회 SQLP : (서울) 동국대학교 문화관 2층,2018-10-02,필기
603,SQLP(국가공인 SQL 전문가),일반검정,30,2018-09-01,13:00:00,2018-06-11,2018-08-13,제30회 SQLP : (인천) 인하공업전문대학 5호관 1층,2018-10-02,필기
604,DAP(국가공인 데이터아키텍처 전문가),일반검정,41,2018-09-08,13:00:00,2018-06-18,2018-08-20,제41회 DAP: (대전) 충남대학교 공과대학 2호관 258A,2018-10-08,필기
605,DAP(국가공인 데이터아키텍처 전문가),일반검정,41,2018-09-08,13:00:00,2018-06-18,2018-08-20,제41회 DAP: (부산) 부산디자인센터 강연장(4F),2018-10-08,필기
606,DAP(국가공인 데이터아키텍처 전문가),일반검정,41,2018-09-08,13:00:00,2018-06-18,2018-08-20,제41회 DAP: (서울) 동국대학교 문화관 3층,2018-10-08,필기
607,DAsP(데이터아키텍처 준전문가),일반검정,36,2018-09-08,13:00:00,2018-06-18,2018-08-20,제36회 DAsP: (부산) 부산디자인센터 강연장(4F),2018-10-08,필기
608,DAsP(데이터아키텍처 준전문가),일반검정,36,2018-09-08,13:00:00,2018-06-18,2018-08-20,제36회 DAsP: (대전) 충남대학교 공과대학 2호관 258B,2018-10-08,필기
609,DAsP(데이터아키텍처 준전문가),일반검정,36,2018-09-08,13:00:00,2018-06-18,2018-08-20,제36회 DAsP : (서울) 동국대학교 문화관 3층,2018-10-08,필기
610,ADP(국가공인 데이터분석 전문가),일반검정,11,2018-10-27,13:00:00,2018-07-02,2018-10-08,제11회 ADP(실기): (서울) 웹타임교육센터/한국데이터진흥원,2018-11-27,실기
611,ADsP(국가공인 데이터분석 준전문가),일반검정,19,2018-11-24,13:00:00,2018-08-27,2018-11-05,제19회 ADsP : (서울) 세종대학교 충무관 1~2층 (0191201 ~ 0191749),2018-12-31,필기
612,ADsP(국가공인 데이터분석 준전문가),일반검정,19,2018-11-24,13:00:00,2018-08-27,2018-11-05,제19회 ADsP : (서울) 인창중학교(서대문역) (0190661 ~ 0191200),2018-12-31,필기
613,ADsP(국가공인 데이터분석 준전문가),일반검정,19,2018-11-24,13:00:00,2018-08-27,2018-11-05,제19회 ADsP : (서울) 인창고등학교(서대문역) (0190001 ~ 0190660),2018-12-31,필기
614,ADsP(국가공인 데이터분석 준전문가),일반검정,19,2018-11-24,13:00:00,2018-08-27,2018-11-05,제19회 ADSP : (논산) 건양대학교 경상관 420호,2018-12-31,필기
615,ADsP(국가공인 데이터분석 준전문가),일반검정,19,2018-11-24,13:00:00,2018-08-27,2018-11-05,제19회 ADsP : (광주) 김대중컨벤션센터 211~213호,2018-12-31,필기
616,ADsP(국가공인 데이터분석 준전문가),일반검정,19,2018-11-24,13:00:00,2018-08-27,2018-11-05,제19회 ADsP : (부산) 동아대 부민캠퍼스 B4 1층,2018-12-31,필기
617,ADsP(국가공인 데이터분석 준전문가),일반검정,19,2018-11-24,13:00:00,2018-08-27,2018-11-05,제19회 ADsP : (대구) 영남이공대 희망관 4층,2018-12-31,필기
618,ADsP(국가공인 데이터분석 준전문가),일반검정,19,2018-11-24,13:00:00,2018-08-27,2018-11-05,제19회 ADsP : (대전) 예람인재교육센터 2~4층(중구 오류동),2018-12-31,필기
619,ADsP(국가공인 데이터분석 준전문가),일반검정,19,2018-11-24,13:00:00,2018-08-27,2018-11-05,제19회 ADsP : (인천) 인천대학교 12호관(컨벤션센터) 5층,2018-12-31,필기
620,ADsP(국가공인 데이터분석 준전문가),일반검정,19,2018-11-24,13:00:00,2018-08-27,2018-11-05,제19회 ADsP : (서울) 세종대학교 세종관 1층 (0191750 ~ 0191889),2018-12-31,필기
621,SQLD(국가공인 SQL 개발자),일반검정,31,2018-12-01,13:00:00,2018-09-03,2018-11-12,제31회 SQLD : (인천) 인하공업전문대학교 5호관,2018-12-31,필기
622,SQLD(국가공인 SQL 개발자),일반검정,31,2018-12-01,13:00:00,2018-09-03,2018-11-12,제31회 SQLD : (광주) 광주상공회의소,2018-12-31,필기
623,SQLD(국가공인 SQL 개발자),일반검정,31,2018-12-01,13:00:00,2018-09-03,2018-11-12,제31회 SQLD : (대전) 예람인재교육센터,2018-12-31,필기
624,SQLD(국가공인 SQL 개발자),일반검정,31,2018-12-01,13:00:00,2018-09-03,2018-11-12,제31회 SQLD : (부산) 한영평생교육원,2018-12-31,필기
625,SQLD(국가공인 SQL 개발자),일반검정,31,2018-12-01,13:00:00,2018-09-03,2018-11-12,제31회 SQLD : (대구) 영남이공대 천마스퀘어 미래인재교육개발원,2018-12-31,필기
626,SQLD(국가공인 SQL 개발자),일반검정,31,2018-12-01,13:00:00,2018-09-03,2018-11-12,제31회 SQLD : (서울) 건국대학교 공학관(수험번호별 장소는 약도참조),2018-12-31,필기
627,SQLP(국가공인 SQL 전문가),일반검정,31,2018-12-01,13:00:00,2018-09-03,2018-11-12,제31회 SQLP : (서울) 건국대학교 공학관 B동,2018-12-31,필기
628,SQLP(국가공인 SQL 전문가),일반검정,31,2018-12-01,13:00:00,2018-09-03,2018-11-12,제31회 SQLP : (광주) 광주상공회의소,2018-12-31,필기
629,SQLP(국가공인 SQL 전문가),일반검정,31,2018-12-01,13:00:00,2018-09-03,2018-11-12,제31회 SQLP : (부산) 한영평생교육원,2018-12-31,필기
630,SQLP(국가공인 SQL 전문가),일반검정,31,2018-12-01,13:00:00,2018-09-03,2018-11-12,제31회 SQLP : (대구)영남이공대 천마스퀘어 미래인재교육개발원,2018-12-31,필기
631,SQLP(국가공인 SQL 전문가),일반검정,31,2018-12-01,13:00:00,2018-09-03,2018-11-12,제31회 SQLP : (대전)예람인재교육센터,2018-12-31,필기
632,SQLP(국가공인 SQL 전문가),일반검정,31,2018-12-01,13:00:00,2018-09-03,2018-11-12,제31회 SQLP : (인천)인하공업전문대학교 5호관,2018-12-31,필기
633,DAP(국가공인 데이터아키텍처 전문가),일반검정,42,2018-12-08,13:00:00,2018-09-10,2018-11-19,제42회 DAP: (부산) 한영평생교육원 2층,2019-01-08,필기
634,DAP(국가공인 데이터아키텍처 전문가),일반검정,42,2018-12-08,13:00:00,2018-09-10,2018-11-19,제42회 DAP: (대전) 예람인재교육센터,2019-01-08,필기
635,DAP(국가공인 데이터아키텍처 전문가),일반검정,42,2018-12-08,13:00:00,2018-09-10,2018-11-19,제42회 DAP: (서울) 건국대학교 공학관 B동,2019-01-08,필기
636,DAsP(데이터아키텍처 준전문가),일반검정,37,2018-12-08,13:00:00,2018-09-10,2018-11-19,제37회 DAsP: (서울) 건국대학교 공학관 B동,2019-01-08,필기
637,DAsP(데이터아키텍처 준전문가),일반검정,37,2018-12-08,13:00:00,2018-09-10,2018-11-19,제37회 DAsP: (부산) 한영평생교육원 2층,2019-01-08,필기
638,DAsP(데이터아키텍처 준전문가),일반검정,37,2018-12-08,13:00:00,2018-09-10,2018-11-19,제37회 DAsP: (대전) 예람인재교육센터 2~4층(중구 오류동),2019-01-08,필기
639,DAsP(데이터아키텍처 준전문가),특별검정,17,2018-12-11,19:00:00,2018-11-06,2018-12-03,[특별검정] 제17회 DAsP 자격검정: 삼육대학교,2018-12-17,필기
640,ADP(국가공인 데이터분석 전문가),일반검정,12,2019-03-09,10:00:00,2018-12-27,2019-02-18,제12회 ADP: (대구) 영남이공대 천마스퀘어 1층 2강의실,2019-04-09,필기
641,ADP(국가공인 데이터분석 전문가),일반검정,12,2019-03-09,10:00:00,2018-12-27,2019-02-18,제12회 ADP: (서울) 동국대학교 문화관 2층,2019-04-09,필기
642,ADP(국가공인 데이터분석 전문가),일반검정,12,2019-03-09,10:00:00,2018-12-27,2019-02-18,제12회 ADP: (대전) 예람인재교육센터 2F 지혜룸,2019-04-09,필기
643,ADP(국가공인 데이터분석 전문가),일반검정,12,2019-03-09,10:00:00,2018-12-27,2019-02-18,제12회 ADP: (부산) 벡스코 제2전시장 3층 회의실 321호,2019-04-09,필기
644,ADP(국가공인 데이터분석 전문가),일반검정,12,2019-03-09,10:00:00,2018-12-27,2019-02-18,제12회 ADP: (강원) 고사장 폐쇄,2019-04-09,필기
645,ADP(국가공인 데이터분석 전문가),일반검정,12,2019-03-09,10:00:00,2018-12-27,2019-02-18,제12회 ADP: (광주) 광주상공회의소 지하 1층,2019-04-09,필기
646,ADP(국가공인 데이터분석 전문가),일반검정,12,2019-03-09,10:00:00,2018-12-27,2019-02-18,제12회 ADP: (인천) 인하공업전문대학 5호관 3층 309호,2019-04-09,필기
647,ADsP(국가공인 데이터분석 준전문가),일반검정,20,2019-03-09,10:00:00,2018-12-27,2019-02-18,제20회 ADsP: (인천) 인하공업전문대학 5호관 3층 310~318호,2019-04-09,필기
648,ADsP(국가공인 데이터분석 준전문가),일반검정,20,2019-03-09,10:00:00,2018-12-27,2019-02-18,제20회 ADsP: (부산) 벡스코 제2전시장 3층 회의실 322~326호,2019-04-09,필기
649,ADsP(국가공인 데이터분석 준전문가),일반검정,20,2019-03-09,10:00:00,2018-12-27,2019-02-18,제20회 ADsP: (강원) 고사장 폐쇄,2019-04-09,필기
650,ADsP(국가공인 데이터분석 준전문가),일반검정,20,2019-03-09,10:00:00,2018-12-27,2019-02-18,제20회 ADsP: (광주) 광주상공회의소 지하 1층,2019-04-09,필기
651,ADsP(국가공인 데이터분석 준전문가),일반검정,20,2019-03-09,10:00:00,2018-12-27,2019-02-18,"제20회 ADsP: (대구) 영남이공대 천마스퀘어 1층 3,5,6 강의실",2019-04-09,필기
652,ADsP(국가공인 데이터분석 준전문가),일반검정,20,2019-03-09,10:00:00,2018-12-27,2019-02-18,"제20회 ADsP: (대전) 예람인재교육센터 2F 소망룸, 사랑룸 3F 성공룸, 4F 비전룸",2019-04-09,필기
653,ADsP(국가공인 데이터분석 준전문가),일반검정,20,2019-03-09,10:00:00,2018-12-27,2019-02-18,"제20회 ADsP: (서울) 동국대학교 문화관2~4층[0200001~0201147), 사회과학/경영관 3~4층(0201148~)",2019-04-09,필기
654,SQLP(국가공인 SQL 전문가),일반검정,32,2019-03-16,10:00:00,2018-12-27,2019-02-25,제32회 SQLP : (서울) 동국대학교 문화관 2층,2019-04-16,필기
655,SQLP(국가공인 SQL 전문가),일반검정,32,2019-03-16,10:00:00,2018-12-27,2019-02-25,제32회 SQLP : (대전) 우송대학교 동캠퍼스 국제경영센터 2층 201호,2019-04-16,필기
656,SQLP(국가공인 SQL 전문가),일반검정,32,2019-03-16,10:00:00,2018-12-27,2019-02-25,제32회 SQLP : (부산) 벡스코 제2전시장 1층 121호,2019-04-16,필기
657,SQLP(국가공인 SQL 전문가),일반검정,32,2019-03-16,10:00:00,2018-12-27,2019-02-25,제32회 SQLP : (인천) 인하공업전문대학 5호관 3층 309호,2019-04-16,필기
658,SQLP(국가공인 SQL 전문가),일반검정,32,2019-03-16,10:00:00,2018-12-27,2019-02-25,제32회 SQLP : (강원) 고사장 폐쇄,2019-04-16,필기
659,SQLP(국가공인 SQL 전문가),일반검정,32,2019-03-16,10:00:00,2018-12-27,2019-02-25,제32회 SQLP : (광주) 광주상공회의소 지하1층 1강의실,2019-04-16,필기
660,SQLP(국가공인 SQL 전문가),일반검정,32,2019-03-16,10:00:00,2018-12-27,2019-02-25,제32회 SQLP : (대구) 영남이공대 천마스퀘어 1층 3강의실,2019-04-16,필기
661,SQLD(국가공인 SQL 개발자),일반검정,32,2019-03-16,10:00:00,2018-12-27,2019-02-25,"제32회 SQLD : (서울) 동국대학교 문화관2~4층(0320001~0321147), 사회과학/경영관 3층(0321148~)",2019-04-16,필기
662,SQLD(국가공인 SQL 개발자),일반검정,32,2019-03-16,10:00:00,2018-12-27,2019-02-25,제32회 SQLD : (부산) 벡스코 제2전시장 1층 121~124호,2019-04-16,필기
663,SQLD(국가공인 SQL 개발자),일반검정,32,2019-03-16,10:00:00,2018-12-27,2019-02-25,제32회 SQLD : (대전) 우송대학교 동캠퍼스 국제경영센터 2층 202~204호,2019-04-16,필기
664,SQLD(국가공인 SQL 개발자),일반검정,32,2019-03-16,10:00:00,2018-12-27,2019-02-25,제32회 SQLD : (인천) 인하공업전문대학 5호관 3층 310 ~ 318 호,2019-04-16,필기
665,SQLD(국가공인 SQL 개발자),일반검정,32,2019-03-16,10:00:00,2018-12-27,2019-02-25,제32회 SQLD : (강원) 고사장 폐쇄,2019-04-16,필기
666,SQLD(국가공인 SQL 개발자),일반검정,32,2019-03-16,10:00:00,2018-12-27,2019-02-25,제32회 SQLD : (광주) 광주상공회의소 지하1층 1강의실,2019-04-16,필기
667,SQLD(국가공인 SQL 개발자),일반검정,32,2019-03-16,10:00:00,2018-12-27,2019-02-25,"제32회 SQLD : (대구) 영남이공대 천마스퀘어 1층 3,5,6강의실",2019-04-16,필기
668,DAP(국가공인 데이터아키텍처 전문가),일반검정,43,2019-03-23,09:00:00,2018-12-27,2019-03-04,제43회 DAP: (대전) 예람인재교육센터 2층,2019-04-23,필기
669,DAP(국가공인 데이터아키텍처 전문가),일반검정,43,2019-03-23,09:00:00,2018-12-27,2019-03-04,제43회 DAP: (부산) 부산디자인센터 3층 세미나실A,2019-04-23,필기
670,DAP(국가공인 데이터아키텍처 전문가),일반검정,43,2019-03-23,09:00:00,2018-12-27,2019-03-04,제43회 DAP: (서울) 동국대학교  문화관 3층 ,2019-04-23,필기
671,DAsP(데이터아키텍처 준전문가),일반검정,38,2019-03-23,09:00:00,2018-12-27,2019-03-04,제38회 DAsP: (대전) 예람인재교육센터 2층,2019-04-23,필기
672,DAsP(데이터아키텍처 준전문가),일반검정,38,2019-03-23,09:00:00,2018-12-27,2019-03-04,제38회 DAsP: (서울) 동국대학교 문화관 3층 ,2019-04-23,필기
673,DAsP(데이터아키텍처 준전문가),일반검정,38,2019-03-23,09:00:00,2018-12-27,2019-03-04,제38회 DAsP: (부산) 부산디자인센터 3층 세미나실 A,2019-04-23,필기
674,ADP(국가공인 데이터분석 전문가),일반검정,12,2019-03-30,13:00:00,2019-01-10,2019-03-11,제12회 ADP(실기): (서울) 한국데이터산업진흥원,2019-04-30,실기
675,ADP(국가공인 데이터분석 전문가),일반검정,13,2019-06-01,10:00:00,2019-03-11,2019-05-13,제13회 ADP: (광주) 광주상공회의소 지하 1층,2019-07-02,필기
676,ADP(국가공인 데이터분석 전문가),일반검정,13,2019-06-01,10:00:00,2019-03-11,2019-05-13,제13회 ADP: (인천) 인하공업전문대학 5호관 3층,2019-07-02,필기
677,ADP(국가공인 데이터분석 전문가),일반검정,13,2019-06-01,10:00:00,2019-03-11,2019-05-13,제13회 ADP: (대전) 우송정보대학 국제경영센터 2층,2019-07-02,필기
678,ADP(국가공인 데이터분석 전문가),일반검정,13,2019-06-01,10:00:00,2019-03-11,2019-05-13,제13회 ADP: (부산) 벡스코 제2전시장 1층,2019-07-02,필기
679,ADP(국가공인 데이터분석 전문가),일반검정,13,2019-06-01,10:00:00,2019-03-11,2019-05-13,제13회 ADP: (대구) 계명대학교 대명캠퍼스 수산관 2층,2019-07-02,필기
680,ADP(국가공인 데이터분석 전문가),일반검정,13,2019-06-01,10:00:00,2019-03-11,2019-05-13,제13회 ADP: (서울) 동국대학교 문화관 2층,2019-07-02,필기
681,ADsP(국가공인 데이터분석 준전문가),일반검정,21,2019-06-01,10:00:00,2019-03-11,2019-05-13,"제21회 ADsP: (서울) 동국대 -문화관[0210001-0211000] / 경영관,사회과학관[0211001-0211944] / 혜화관[0211945-0212458]",2019-07-02,필기
682,ADsP(국가공인 데이터분석 준전문가),일반검정,21,2019-06-01,10:00:00,2019-03-11,2019-05-13,"제21회 ADsP: (대전) 우송정보대학 동캠퍼스 국제경영센터 2층, 4층",2019-07-02,필기
683,ADsP(국가공인 데이터분석 준전문가),일반검정,21,2019-06-01,10:00:00,2019-03-11,2019-05-13,제21회 ADsP: (광주) 광주상공회의소 지하 1층,2019-07-02,필기
684,ADsP(국가공인 데이터분석 준전문가),일반검정,21,2019-06-01,10:00:00,2019-03-11,2019-05-13,제21회 ADsP: (부산) 벡스코 제2전시장 1층,2019-07-02,필기
685,ADsP(국가공인 데이터분석 준전문가),일반검정,21,2019-06-01,10:00:00,2019-03-11,2019-05-13,"제21회 ADsP: (대구) 계명대학교 대명캠퍼스 수산관 3층, 4층",2019-07-02,필기
686,ADsP(국가공인 데이터분석 준전문가),일반검정,21,2019-06-01,10:00:00,2019-03-11,2019-05-13,제21회 ADsP: (인천) 인하공업전문대학 5호관 3층,2019-07-02,필기
687,SQLP(국가공인 SQL 전문가),일반검정,33,2019-06-08,10:00:00,2019-03-19,2019-05-20,제33회 SQLP : (광주) 광주상공회의소 지하1층,2019-07-09,필기
688,SQLP(국가공인 SQL 전문가),일반검정,33,2019-06-08,10:00:00,2019-03-19,2019-05-20,제33회 SQLP : (부산) 벡스코 2전시장 1층,2019-07-09,필기
689,SQLP(국가공인 SQL 전문가),일반검정,33,2019-06-08,10:00:00,2019-03-19,2019-05-20,제33회 SQLP : (대구) 영남이공대학 천마스퀘어 1층,2019-07-09,필기
690,SQLP(국가공인 SQL 전문가),일반검정,33,2019-06-08,10:00:00,2019-03-19,2019-05-20,제33회 SQLP : (대전) 우송대학교 동캠퍼스 국제경영센터 2층,2019-07-09,필기
691,SQLP(국가공인 SQL 전문가),일반검정,33,2019-06-08,10:00:00,2019-03-19,2019-05-20,제33회 SQLP : (인천) 인하공업전문대학 5호관 3층,2019-07-09,필기
692,SQLP(국가공인 SQL 전문가),일반검정,33,2019-06-08,10:00:00,2019-03-19,2019-05-20,제33회 SQLP : (서울) 동국대학교 문화관 2층,2019-07-09,필기
693,SQLD(국가공인 SQL 개발자),일반검정,33,2019-06-08,10:00:00,2019-03-19,2019-05-20,제33회 SQLD : (광주) 광주상공회의소 지하1층,2019-07-09,필기
694,SQLD(국가공인 SQL 개발자),일반검정,33,2019-06-08,10:00:00,2019-03-19,2019-05-20,제33회 SQLD : (부산) 벡스코 2전시장 1층,2019-07-09,필기
695,SQLD(국가공인 SQL 개발자),일반검정,33,2019-06-08,10:00:00,2019-03-19,2019-05-20,제33회 SQLD : (대구) 영남이공대학 천마스퀘어 1층,2019-07-09,필기
696,SQLD(국가공인 SQL 개발자),일반검정,33,2019-06-08,10:00:00,2019-03-19,2019-05-20,제33회 SQLD : (대전) 우송대학교 동캠퍼스 국제경영센터 2층,2019-07-09,필기
697,SQLD(국가공인 SQL 개발자),일반검정,33,2019-06-08,10:00:00,2019-03-19,2019-05-20,제33회 SQLD : (인천) 인하공업전문대학 5호관 3층,2019-07-09,필기
698,SQLD(국가공인 SQL 개발자),일반검정,33,2019-06-08,10:00:00,2019-03-19,2019-05-20,"제33회 SQLD : (서울) 동국대학교 -문화관[0330001-0331110] / 경영관,사회과학관[0331111-0331932]",2019-07-09,필기
699,DAP(국가공인 데이터아키텍처 전문가),일반검정,44,2019-06-15,09:00:00,2019-03-26,2019-05-27,제44회 DAP : (부산) 벡스코 2전시장 1층,2019-07-16,필기
700,DAP(국가공인 데이터아키텍처 전문가),일반검정,44,2019-06-15,09:00:00,2019-03-26,2019-05-27,제44회 DAP : (대전) 예람인재교육센터 3층,2019-07-16,필기
701,DAP(국가공인 데이터아키텍처 전문가),일반검정,44,2019-06-15,09:00:00,2019-03-26,2019-05-27,제44회 DAP : (서울) 동국대학교 문화관 3층,2019-07-16,필기
702,DAsP(데이터아키텍처 준전문가),일반검정,39,2019-06-15,09:00:00,2019-03-26,2019-05-27,제39회 DAsP : (부산) 벡스코 2전시장 1층,2019-07-16,필기
703,DAsP(데이터아키텍처 준전문가),일반검정,39,2019-06-15,09:00:00,2019-03-26,2019-05-27,제39회 DAsP : (대전) 예람인재교육센터 3층,2019-07-16,필기
704,DAsP(데이터아키텍처 준전문가),일반검정,39,2019-06-15,09:00:00,2019-03-26,2019-05-27,제39회 DAsP : (서울) 동국대학교 문화관 3층,2019-07-16,필기
705,ADP(국가공인 데이터분석 전문가),일반검정,13,2019-06-29,13:00:00,2019-04-02,2019-06-10,제13회 ADP(실기): (서울) 한국데이터산업진흥원 7층,2019-07-30,실기
706,DAP(국가공인 데이터아키텍처 전문가),일반검정,45,2019-08-17,09:00:00,2019-06-18,2019-07-29,제45회 DAP : (부산) 벡스코 2전시장 1층,2019-09-17,필기
707,DAP(국가공인 데이터아키텍처 전문가),일반검정,45,2019-08-17,09:00:00,2019-06-18,2019-07-29,제45회 DAP : (대전) 우송정보대학 국제경영센터 2층,2019-09-17,필기
708,DAP(국가공인 데이터아키텍처 전문가),일반검정,45,2019-08-17,09:00:00,2019-06-18,2019-07-29,제45회 DAP : (서울) 동국대학교 문화관 3층,2019-09-17,필기
709,DAsP(데이터아키텍처 준전문가),일반검정,40,2019-08-17,09:00:00,2019-06-18,2019-07-29,제40회 DAsP : (부산) 벡스코 2전시장 1층,2019-09-17,필기
710,DAsP(데이터아키텍처 준전문가),일반검정,40,2019-08-17,09:00:00,2019-06-18,2019-07-29,제40회 DAsP : (대전) 우송정보대학 국제경영센터 2층  ,2019-09-17,필기
711,DAsP(데이터아키텍처 준전문가),일반검정,40,2019-08-17,09:00:00,2019-06-18,2019-07-29,제40회 DAsP : (서울) 동국대학교 문화관 3층,2019-09-17,필기
712,SQLD(국가공인 SQL 개발자),일반검정,34,2019-08-24,10:00:00,2019-06-11,2019-08-05,제34회 SQLD : (광주) 김대중컨벤션센터 2층 208~210호,2019-09-24,필기
713,SQLD(국가공인 SQL 개발자),일반검정,34,2019-08-24,10:00:00,2019-06-11,2019-08-05,제34회 SQLD : (부산) 벡스코 제1전시장 3층 315~317호,2019-09-24,필기
714,SQLD(국가공인 SQL 개발자),일반검정,34,2019-08-24,10:00:00,2019-06-11,2019-08-05,제34회 SQLD : (대구) 영남이공대 천마스퀘어 1층,2019-09-24,필기
715,SQLD(국가공인 SQL 개발자),일반검정,34,2019-08-24,10:00:00,2019-06-11,2019-08-05,"제34회 SQLD : (대전) 우송대학교 동캠퍼스 국제경영센터 2층(202~204호),4층(406호)",2019-09-24,필기
716,SQLD(국가공인 SQL 개발자),일반검정,34,2019-08-24,10:00:00,2019-06-11,2019-08-05,"제34회 SQLD : (인천) 인하공업전문대학 5호관 2층(215호),3층(310~318호)",2019-09-24,필기
717,SQLD(국가공인 SQL 개발자),일반검정,34,2019-08-24,10:00:00,2019-06-11,2019-08-05,"제34회 SQLD : (서울) 동국대학교 문화관[0340001~0341144], 경영관[0341145~0342035], 혜화관[0342036~0342532]",2019-09-24,필기
718,SQLP(국가공인 SQL 전문가),일반검정,34,2019-08-24,10:00:00,2019-06-11,2019-08-05,제34회 SQLP : (광주) 김대중컨벤션센터 2층 208호,2019-09-24,필기
719,SQLP(국가공인 SQL 전문가),일반검정,34,2019-08-24,10:00:00,2019-06-11,2019-08-05,제34회 SQLP : (부산) 벡스코 1전시장 3층 314호,2019-09-24,필기
720,SQLP(국가공인 SQL 전문가),일반검정,34,2019-08-24,10:00:00,2019-06-11,2019-08-05,제34회 SQLP : (대구) 영남이공대 천마스퀘어 1층,2019-09-24,필기
721,SQLP(국가공인 SQL 전문가),일반검정,34,2019-08-24,10:00:00,2019-06-11,2019-08-05,제34회 SQLP : (대전) 우송대학교 동캠퍼스 국제경영센터 2층 201호,2019-09-24,필기
722,SQLP(국가공인 SQL 전문가),일반검정,34,2019-08-24,10:00:00,2019-06-11,2019-08-05,제34회 SQLP : (인천) 인하공업전문대학 5호관 3층 309호,2019-09-24,필기
723,SQLP(국가공인 SQL 전문가),일반검정,34,2019-08-24,10:00:00,2019-06-11,2019-08-05,제34회 SQLP : (서울) 동국대학교 문화관 2층,2019-09-24,필기
724,ADP(국가공인 데이터분석 전문가),일반검정,14,2019-08-31,10:00:00,2019-06-04,2019-08-12,제14회 ADP(필기): (서울) 동국대학교 문화관 2층,2019-10-01,필기
725,ADP(국가공인 데이터분석 전문가),일반검정,14,2019-08-31,10:00:00,2019-06-04,2019-08-12,제14회 ADP(필기): (인천) 인하공업전문대학 5호관 3층,2019-10-01,필기
726,ADP(국가공인 데이터분석 전문가),일반검정,14,2019-08-31,10:00:00,2019-06-04,2019-08-12,제14회 ADP(필기): (대전) 우송대학교 동캠퍼스 국제경영센터 2층,2019-10-01,필기
727,ADP(국가공인 데이터분석 전문가),일반검정,14,2019-08-31,10:00:00,2019-06-04,2019-08-12,제14회 ADP(필기): (광주) 김대중컨벤션센터 컨벤션동 3층 중소회의실,2019-10-01,필기
728,ADP(국가공인 데이터분석 전문가),일반검정,14,2019-08-31,10:00:00,2019-06-04,2019-08-12,제14회 ADP(필기): 벡스코 제1전시장 2층 회의실,2019-10-01,필기
729,ADP(국가공인 데이터분석 전문가),일반검정,14,2019-08-31,10:00:00,2019-06-04,2019-08-12,제14회 ADP(필기): (대구) 영남이공대 천마스퀘어 1층,2019-10-01,필기
730,ADsP(국가공인 데이터분석 준전문가),일반검정,22,2019-08-31,10:00:00,2019-06-04,2019-08-12,"제22회 ADsP: (서울) 동국대학교 문화관[0220001~0220990], 경영관[0220991~0221881], 혜화관[0221882~0222377], 학림관[0222378~0223052]",2019-10-01,필기
731,ADsP(국가공인 데이터분석 준전문가),일반검정,22,2019-08-31,10:00:00,2019-06-04,2019-08-12,제22회 ADsP: (광주) 김대중컨벤션센터 컨벤션동 3층 중소회의실,2019-10-01,필기
732,ADsP(국가공인 데이터분석 준전문가),일반검정,22,2019-08-31,10:00:00,2019-06-04,2019-08-12,"제22회 ADsP: (부산) 벡스코 제1전시장 2층, 3층 회의실",2019-10-01,필기
733,ADsP(국가공인 데이터분석 준전문가),일반검정,22,2019-08-31,10:00:00,2019-06-04,2019-08-12,"제22회 ADsP: (대구) 영남이공대 - 천마스퀘어관 1층[0223449~0223542], 예지관 4층[0223543~0223647]",2019-10-01,필기
734,ADsP(국가공인 데이터분석 준전문가),일반검정,22,2019-08-31,10:00:00,2019-06-04,2019-08-12,제22회 ADsP: (대전) 우송대학교 동캠퍼스 국제경영센터 2층 / 6층,2019-10-01,필기
735,ADsP(국가공인 데이터분석 준전문가),일반검정,22,2019-08-31,10:00:00,2019-06-04,2019-08-12,제22회 ADsP: (인천) 인하공업전문대학 5호관 3층,2019-10-01,필기
736,ADP(국가공인 데이터분석 전문가),일반검정,14,2019-09-07,13:00:00,2019-07-02,2019-08-19,제14회 ADP(실기): (서울) 한국데이터산업진흥원/웹타임교육센터,2019-10-08,실기
737,ADP(국가공인 데이터분석 전문가),일반검정,15,2019-11-23,10:00:00,2019-09-03,2019-11-04,제15회 ADP(필기): (광주) 조선이공대 3호관 4층,2019-12-24,필기
738,ADP(국가공인 데이터분석 전문가),일반검정,15,2019-11-23,10:00:00,2019-09-03,2019-11-04,제15회 ADP(필기): (부산) 경성대학교 건학기념관(30호관),2019-12-24,필기
739,ADP(국가공인 데이터분석 전문가),일반검정,15,2019-11-23,10:00:00,2019-09-03,2019-11-04,제15회 ADP(필기): (대구) 영남이공대 천마스퀘어관,2019-12-24,필기
740,ADP(국가공인 데이터분석 전문가),일반검정,15,2019-11-23,10:00:00,2019-09-03,2019-11-04,제15회 ADP(필기): (대전) 우송정보대 학술정보관,2019-12-24,필기
741,ADP(국가공인 데이터분석 전문가),일반검정,15,2019-11-23,10:00:00,2019-09-03,2019-11-04,제15회 ADP(필기): (인천) 인하대학교 9호관,2019-12-24,필기
742,ADP(국가공인 데이터분석 전문가),일반검정,15,2019-11-23,10:00:00,2019-09-03,2019-11-04,제15회 ADP(필기): (서울) 동국대학교 문화관 2층,2019-12-24,필기
743,ADsP(국가공인 데이터분석 준전문가),일반검정,23,2019-11-23,10:00:00,2019-09-03,2019-11-04,제23회 ADsP: (광주) 조선이공대 3호관 4층,2019-12-24,필기
744,ADsP(국가공인 데이터분석 준전문가),일반검정,23,2019-11-23,10:00:00,2019-09-03,2019-11-04,제23회 ADsP: (부산) 경성대학교 건학기념관(30호관) 6층,2019-12-24,필기
745,ADsP(국가공인 데이터분석 준전문가),일반검정,23,2019-11-23,10:00:00,2019-09-03,2019-11-04,제23회 ADsP: (대구) 영남이공대 천마스퀘어관,2019-12-24,필기
746,ADsP(국가공인 데이터분석 준전문가),일반검정,23,2019-11-23,10:00:00,2019-09-03,2019-11-04,제23회 ADsP: (대전) 우송정보대 학술정보관,2019-12-24,필기
747,ADsP(국가공인 데이터분석 준전문가),일반검정,23,2019-11-23,10:00:00,2019-09-03,2019-11-04,제23회 ADsP: (인천) 인하대학교 9호관,2019-12-24,필기
748,ADsP(국가공인 데이터분석 준전문가),일반검정,23,2019-11-23,10:00:00,2019-09-03,2019-11-04,"제23회 ADsP: (서울) 동국대학교 문화관, 경영관, 혜화관, 학림관",2019-12-24,필기
749,SQLD(국가공인 SQL 개발자),일반검정,35,2019-11-30,10:00:00,2019-08-27,2019-11-11,"제35회 SQLD : (서울) 건국대학교 공학관, 인문학관, 경영관, 법학관 [수험번호 별 상세장소 약도참조]",2019-12-31,필기
750,SQLD(국가공인 SQL 개발자),일반검정,35,2019-11-30,10:00:00,2019-08-27,2019-11-11,제35회 SQLD : (광주) 김대중컨벤션센터 211~214호,2019-12-31,필기
751,SQLD(국가공인 SQL 개발자),일반검정,35,2019-11-30,10:00:00,2019-08-27,2019-11-11,제35회 SQLD : (부산) 한영평생교육원 2층,2019-12-31,필기
752,SQLD(국가공인 SQL 개발자),일반검정,35,2019-11-30,10:00:00,2019-08-27,2019-11-11,"제35회 SQLD : (대구) 영남이공대학 천마스퀘어 1층, 예지관 4층",2019-12-31,필기
753,SQLD(국가공인 SQL 개발자),일반검정,35,2019-11-30,10:00:00,2019-08-27,2019-11-11,"제35회 SQLD : (대전) 우송정보대학 학술정보관 7,8층",2019-12-31,필기
754,SQLD(국가공인 SQL 개발자),일반검정,35,2019-11-30,10:00:00,2019-08-27,2019-11-11,"제35회 SQLD : (인천) 인하공업전문대학 3호관 3,4층",2019-12-31,필기
755,SQLP(국가공인 SQL 전문가),일반검정,35,2019-11-30,10:00:00,2019-08-27,2019-11-11,"제35회 SQLP : (인천) 인하공업전문대학 3호관 3,4층",2019-12-31,필기
756,SQLP(국가공인 SQL 전문가),일반검정,35,2019-11-30,10:00:00,2019-08-27,2019-11-11,제35회 SQLP : (광주) 김대중컨벤션센터 211호,2019-12-31,필기
757,SQLP(국가공인 SQL 전문가),일반검정,35,2019-11-30,10:00:00,2019-08-27,2019-11-11,제35회 SQLP : (부산) 한영평생교육원 2층,2019-12-31,필기
758,SQLP(국가공인 SQL 전문가),일반검정,35,2019-11-30,10:00:00,2019-08-27,2019-11-11,제35회 SQLP : (대구) 영남이공대학 천마스퀘어 1층,2019-12-31,필기
759,SQLP(국가공인 SQL 전문가),일반검정,35,2019-11-30,10:00:00,2019-08-27,2019-11-11,"제35회 SQLP : (대전) 우송정보대학 학술정보관 7,8층",2019-12-31,필기
760,SQLP(국가공인 SQL 전문가),일반검정,35,2019-11-30,10:00:00,2019-08-27,2019-11-11,제35회 SQLP : (서울) 건국대학교 공학관 B동,2019-12-31,필기
761,DAsP(데이터아키텍처 준전문가),특별검정,18,2019-12-04,18:30:00,2019-11-19,2019-11-29,제18회 특별검정 DAsP: (삼육대학교) 장근청홀(국제교육관) 3층,2019-12-31,필기
762,DAP(국가공인 데이터아키텍처 전문가),일반검정,46,2019-12-07,09:00:00,2019-08-20,2019-11-18,제46회 DAP : (부산) 벡스코 1전시장 214호,2020-01-07,필기
763,DAP(국가공인 데이터아키텍처 전문가),일반검정,46,2019-12-07,09:00:00,2019-08-20,2019-11-18,제46회 DAP : (서울) 동국대학교 문화관 3층,2020-01-07,필기
764,DAP(국가공인 데이터아키텍처 전문가),일반검정,46,2019-12-07,09:00:00,2019-08-20,2019-11-18,제46회 DAP : (대전) 우송정보대학 국제경영센터 2층,2020-01-07,필기
765,DAsP(데이터아키텍처 준전문가),일반검정,41,2019-12-07,09:00:00,2019-08-20,2019-11-18,제41회 DAsP : (부산) 벡스코 1전시장 214호,2020-01-07,필기
766,DAsP(데이터아키텍처 준전문가),일반검정,41,2019-12-07,09:00:00,2019-08-20,2019-11-18,제41회 DAsP : (서울) 동국대학교 문화관 3층,2020-01-07,필기
767,DAsP(데이터아키텍처 준전문가),일반검정,41,2019-12-07,09:00:00,2019-08-20,2019-11-18,제41회 DAsP : (대전) 우송정보대학 국제경영센터 2층,2020-01-07,필기
768,ADP(국가공인 데이터분석 전문가),일반검정,15,2019-12-14,13:00:00,2019-09-10,2019-11-25,제15회 ADP(실기): (서울) 한국데이터산업진흥원/그린컴퓨터(종로)/더블유컴퓨터아트학원(혜화),2020-01-14,실기
769,SQLD(국가공인 SQL 개발자),일반검정,37,2020-05-31,10:00:00,2020-03-16,2020-05-17,제37회 SQL 개발자(SQLD),2020-06-30,필기
770,SQLP(국가공인 SQL 전문가),일반검정,37,2020-05-31,10:00:00,2020-03-16,2020-05-17,제37회 SQL 전문가(SQLP),2020-06-30,필기
771,ADsP(국가공인 데이터분석 준전문가),일반검정,25,2020-06-07,10:00:00,2020-03-09,2020-05-17,제25회 데이터분석 준전문가(ADsP),2020-07-07,필기
772,ADP(국가공인 데이터분석 전문가),일반검정,17,2020-06-07,10:00:00,2020-03-09,2020-05-17,제17회 데이터분석 전문가(ADP)-필기,2020-07-07,필기
773,DAsP(데이터아키텍처 준전문가),일반검정,43,2020-06-14,09:00:00,2020-03-19,2020-05-21,제43회 데이터아키텍처 준전문가(DAsP),2020-07-14,필기
774,DAP(국가공인 데이터아키텍처 전문가),일반검정,48,2020-06-14,09:00:00,2020-03-19,2020-05-21,제48회 데이터아키텍처 전문가(DAP),2020-07-14,필기
775,ADP(국가공인 데이터분석 전문가),일반검정,17,2020-06-21,13:00:00,2020-03-19,2020-05-28,제17회 데이터 분석 전문가(ADP)-실기,2020-07-21,실기
776,ADP(국가공인 데이터분석 전문가),일반검정,18,2020-08-29,10:00:00,2020-06-08,2020-08-03,제18회 데이터분석 전문가(ADP)-필기,2020-09-29,필기
777,ADsP(국가공인 데이터분석 준전문가),일반검정,26,2020-08-29,10:00:00,2020-06-08,2020-08-03,제26회 데이터분석 준전문가(ADsP),2020-09-29,필기
778,SQLP(국가공인 SQL 전문가),일반검정,38,2020-09-05,10:00:00,2020-06-05,2020-08-11,제38회 SQL 전문가(SQLP),2020-10-06,필기
779,SQLD(국가공인 SQL 개발자),일반검정,38,2020-09-05,10:00:00,2020-06-05,2020-08-11,제38회 SQL 개발자(SQLD),2020-10-06,필기
780,DAP(국가공인 데이터아키텍처 전문가),일반검정,49,2020-09-12,09:00:00,2020-06-29,2020-08-17,제49회 데이터아키텍처 전문가(DAP),2020-10-13,필기
781,DAsP(데이터아키텍처 준전문가),일반검정,44,2020-09-12,09:00:00,2020-06-29,2020-08-17,제44회 데이터아키텍처 준전문가(DAsP),2020-10-13,필기
782,ADP(국가공인 데이터분석 전문가),일반검정,18,2020-09-19,13:00:00,2020-06-29,2020-08-24,제18회 데이터 분석 전문가(ADP)-실기,2020-10-20,실기
783,ADP(국가공인 데이터분석 전문가),일반검정,19,2020-11-22,10:00:00,2020-09-07,2020-10-26,제19회 데이터분석 전문가(ADP)-필기,2020-12-22,필기
784,ADsP(국가공인 데이터분석 준전문가),일반검정,27,2020-11-22,10:00:00,2020-09-07,2020-10-26,제27회 데이터분석 준전문가(ADsP),2020-12-22,필기
785,SQLP(국가공인 SQL 전문가),일반검정,39,2020-11-29,10:00:00,2020-09-14,2020-11-02,제39회 SQL 전문가(SQLP),2020-12-29,필기
786,SQLD(국가공인 SQL 개발자),일반검정,39,2020-11-29,10:00:00,2020-09-14,2020-11-02,제39회 SQL 개발자(SQLD),2020-12-29,필기
787,DAP(국가공인 데이터아키텍처 전문가),일반검정,50,2020-12-06,09:00:00,2020-09-21,2020-11-09,제50회 데이터아키텍처 전문가(DAP),2021-01-05,필기
788,DAsP(데이터아키텍처 준전문가),일반검정,45,2020-12-06,09:00:00,2020-09-21,2020-11-09,제45회 데이터아키텍처 준전문가(DAsP),2021-01-05,필기
789,ADP(국가공인 데이터분석 전문가),일반검정,19,2020-12-13,13:00:00,2020-09-28,2020-11-16,제19회 데이터 분석 전문가(ADP)-실기,2021-01-12,실기
790,DAsP(데이터아키텍처 준전문가),특별검정,19,2020-12-21,16:00:00,2020-12-07,2020-12-11,제19회 데이터아키텍처 준전문가(DAsP),2020-12-24,필기
791,ADP(국가공인 데이터분석 전문가),일반검정,20,2021-03-13,10:00:00,2021-02-16,2021-02-22,제20회 데이터분석 전문가(ADP)-필기,2021-04-09,필기
792,ADsP(국가공인 데이터분석 준전문가),일반검정,28,2021-03-13,10:00:00,2021-02-16,2021-02-22,제28회 데이터분석 준전문가(ADsP),2021-04-09,필기
793,SQLP(국가공인 SQL 전문가),일반검정,40,2021-03-20,10:00:00,2021-02-22,2021-02-26,제40회 SQL 전문가(SQLP),2021-04-16,필기
794,SQLD(국가공인 SQL 개발자),일반검정,40,2021-03-20,10:00:00,2021-02-22,2021-02-26,제40회 SQL 개발자(SQLD),2021-04-16,필기
795,DAP(국가공인 데이터아키텍처 전문가),일반검정,51,2021-03-27,10:00:00,2021-03-08,2021-03-12,제51회 데이터아키텍처 전문가(DAP),2021-04-23,필기
796,DAsP(데이터아키텍처 준전문가),일반검정,46,2021-03-27,10:00:00,2021-03-08,2021-03-12,제46회 데이터아키텍처 준전문가(DAsP),2021-04-23,필기
797,ADP(국가공인 데이터분석 전문가),일반검정,20,2021-03-27,13:00:00,2021-03-08,2021-03-12,제20회 데이터 분석 전문가(ADP)-실기,2021-04-23,실기
798,국가기술 빅데이터분석기사,일반검정,2,2021-04-17,10:00:00,2021-03-02,2021-03-05,제2회 빅데이터분석기사-필기,2021-05-07,필기
799,ADP(국가공인 데이터분석 전문가),일반검정,21,2021-05-22,10:00:00,2021-04-26,2021-04-30,제21회 데이터분석 전문가(ADP)-필기,2021-06-18,필기
800,ADsP(국가공인 데이터분석 준전문가),일반검정,29,2021-05-22,10:00:00,2021-04-26,2021-04-30,제29회 데이터분석 준전문가(ADsP),2021-06-18,필기
801,SQLP(국가공인 SQL 전문가),일반검정,41,2021-05-29,10:00:00,2021-05-03,2021-05-07,제41회 SQL 전문가(SQLP),2021-06-25,필기
802,SQLD(국가공인 SQL 개발자),일반검정,41,2021-05-29,10:00:00,2021-05-03,2021-05-07,제41회 SQL 개발자(SQLD),2021-06-25,필기
803,DAP(국가공인 데이터아키텍처 전문가),일반검정,52,2021-06-05,10:00:00,2021-05-10,2021-05-14,제52회 데이터아키텍처 전문가(DAP),2021-07-02,필기
804,DAsP(데이터아키텍처 준전문가),일반검정,47,2021-06-05,10:00:00,2021-05-10,2021-05-14,제47회 데이터아키텍처 준전문가(DAsP),2021-07-02,필기
805,ADP(국가공인 데이터분석 전문가),일반검정,21,2021-06-05,13:00:00,2021-05-10,2021-05-14,제21회 데이터 분석 전문가(ADP)-실기,2021-07-02,실기
806,국가기술 빅데이터분석기사,일반검정,2,2021-06-19,10:00:00,2021-05-24,2021-05-28,제2회 빅데이터분석기사-실기,2021-07-16,실기
807,ADP(국가공인 데이터분석 전문가),일반검정,22,2021-08-29,10:00:00,2021-08-02,2021-08-06,제22회 데이터분석 전문가(ADP)-필기,2021-09-24,필기
808,ADsP(국가공인 데이터분석 준전문가),일반검정,30,2021-08-29,10:00:00,2021-08-02,2021-08-06,제30회 데이터분석 준전문가(ADsP),2021-09-24,필기
809,SQLP(국가공인 SQL 전문가),일반검정,42,2021-09-05,10:00:00,2021-08-09,2021-08-13,제42회 SQL 전문가(SQLP),2021-10-01,필기
810,SQLD(국가공인 SQL 개발자),일반검정,42,2021-09-05,10:00:00,2021-08-09,2021-08-13,제42회 SQL 개발자(SQLD),2021-10-01,필기
811,DAP(국가공인 데이터아키텍처 전문가),일반검정,53,2021-09-12,10:00:00,2021-08-17,2021-08-23,제53회 데이터아키텍처 전문가(DAP),2021-10-08,필기
812,DAsP(데이터아키텍처 준전문가),일반검정,48,2021-09-12,10:00:00,2021-08-17,2021-08-23,제48회 데이터아키텍처 준전문가(DAsP),2021-10-08,필기
813,ADP(국가공인 데이터분석 전문가),일반검정,22,2021-09-12,13:00:00,2021-08-17,2021-08-23,제22회 데이터 분석 전문가(ADP)-실기,2021-10-08,실기
814,국가기술 빅데이터분석기사,일반검정,3,2021-10-02,10:00:00,2021-09-06,2021-09-10,제3회 빅데이터분석기사-필기,2021-10-22,필기
815,ADP(국가공인 데이터분석 전문가),일반검정,23,2021-11-06,10:00:00,2021-10-12,2021-10-18,제23회 데이터분석 전문가(ADP)-필기,2021-12-03,필기
816,ADsP(국가공인 데이터분석 준전문가),일반검정,31,2021-11-06,10:00:00,2021-10-12,2021-10-18,제31회 데이터분석 준전문가(ADsP),2021-12-03,필기
817,SQLP(국가공인 SQL 전문가),일반검정,43,2021-11-20,10:00:00,2021-10-25,2021-10-29,제43회 SQL 전문가(SQLP),2021-12-17,필기
818,SQLD(국가공인 SQL 개발자),일반검정,43,2021-11-20,10:00:00,2021-10-25,2021-10-29,제43회 SQL 개발자(SQLD),2021-12-17,필기
819,국가기술 빅데이터분석기사,일반검정,3,2021-12-04,10:00:00,2021-11-08,2021-11-12,제3회 빅데이터분석기사-실기,2021-12-31,실기
820,DAsP(데이터아키텍처 준전문가),특별검정,20,2021-12-14,14:00:00,2021-11-29,2021-12-03,제20회 데이터아키텍처 준전문가(DAsP),2021-12-31,필기
821,DAP(국가공인 데이터아키텍처 전문가),일반검정,54,2021-12-18,10:00:00,2021-11-22,2021-11-26,제54회 데이터아키텍처 전문가(DAP),2022-01-14,필기
822,DAsP(데이터아키텍처 준전문가),일반검정,49,2021-12-18,10:00:00,2021-11-22,2021-11-26,제49회 데이터아키텍처 준전문가(DAsP),2022-01-21,필기
823,ADP(국가공인 데이터분석 전문가),일반검정,23,2021-12-18,13:00:00,2021-11-22,2021-11-26,제23회 데이터 분석 전문가(ADP)-실기,2022-01-14,실기
824,ADsP(국가공인 데이터분석 준전문가),일반검정,32,2022-02-26,10:00:00,2022-01-24,2022-01-28,제32회 데이터분석 준전문가(ADsP),2022-03-25,필기
825,ADP(국가공인 데이터분석 전문가),일반검정,24,2022-02-26,10:00:00,2022-01-24,2022-01-28,제24회 데이터분석 전문가(ADP)-필기,2022-03-25,필기
826,SQLD(국가공인 SQL 개발자),일반검정,44,2022-03-12,10:00:00,2022-02-14,2022-02-18,제44회 SQL 개발자(SQLD),2022-04-08,필기
827,SQLP(국가공인 SQL 전문가),일반검정,44,2022-03-12,10:00:00,2022-02-14,2022-02-18,제44회 SQL 전문가(SQLP),2022-04-08,필기
828,DAsP(데이터아키텍처 준전문가),일반검정,50,2022-03-19,10:00:00,2022-02-21,2022-02-25,제50회 데이터아키텍처 준전문가(DAsP),2022-04-15,필기
829,DAP(국가공인 데이터아키텍처 전문가),일반검정,55,2022-03-19,10:00:00,2022-02-21,2022-02-25,제55회 데이터아키텍처 전문가(DAP),2022-04-15,필기
830,ADP(국가공인 데이터분석 전문가),일반검정,24,2022-03-26,10:00:00,2022-02-28,2022-03-07,제24회 데이터 분석 전문가(ADP)-실기,2022-04-22,실기
831,국가기술 빅데이터분석기사,일반검정,4,2022-04-09,10:00:00,2022-03-07,2022-03-14,제4회 빅데이터분석기사-필기,2022-04-22,필기
832,ADsP(국가공인 데이터분석 준전문가),일반검정,33,2022-05-21,10:00:00,2022-04-25,2022-04-29,제33회 데이터분석 준전문가(ADsP),2022-06-17,필기
833,ADP(국가공인 데이터분석 전문가),일반검정,25,2022-05-21,10:00:00,2022-04-25,2022-04-29,제25회 데이터분석 전문가(ADP)-필기,2022-06-17,필기
834,SQLD(국가공인 SQL 개발자),일반검정,45,2022-05-28,10:00:00,2022-05-02,2022-05-09,제45회 SQL 개발자(SQLD),2022-06-24,필기
835,SQLP(국가공인 SQL 전문가),일반검정,45,2022-05-28,10:00:00,2022-05-02,2022-05-09,제45회 SQL 전문가(SQLP),2022-06-24,필기
836,DAsP(데이터아키텍처 준전문가),일반검정,51,2022-06-04,10:00:00,2022-05-09,2022-05-13,제51회 데이터아키텍처 준전문가(DAsP),2022-07-01,필기
837,DAP(국가공인 데이터아키텍처 전문가),일반검정,56,2022-06-04,10:00:00,2022-05-09,2022-05-13,제56회 데이터아키텍처 전문가(DAP),2022-07-01,필기
838,ADP(국가공인 데이터분석 전문가),일반검정,25,2022-06-18,10:00:00,2022-05-23,2022-05-27,제25회 데이터 분석 전문가(ADP)-실기,2022-07-15,실기
839,국가기술 빅데이터분석기사,일반검정,4,2022-06-25,10:00:00,2022-05-23,2022-05-27,제4회 빅데이터분석기사-실기,2022-07-15,실기
840,ADsP(국가공인 데이터분석 준전문가),일반검정,34,2022-08-28,10:00:00,2022-08-01,2022-08-05,제34회 데이터분석 준전문가(ADsP),2022-09-23,필기
841,ADP(국가공인 데이터분석 전문가),일반검정,26,2022-08-28,10:00:00,2022-08-01,2022-08-05,제26회 데이터분석 전문가(ADP)-필기,2022-09-23,필기
842,SQLD(국가공인 SQL 개발자),일반검정,46,2022-09-04,10:00:00,2022-08-08,2022-08-12,제46회 SQL 개발자(SQLD),2022-09-30,필기
843,SQLP(국가공인 SQL 전문가),일반검정,46,2022-09-04,10:00:00,2022-08-08,2022-08-12,제46회 SQL 전문가(SQLP),2022-10-07,필기
844,DAsP(데이터아키텍처 준전문가),일반검정,52,2022-09-18,10:00:00,2022-08-22,2022-08-26,제52회 데이터아키텍처 준전문가(DAsP),2022-10-14,필기
845,DAP(국가공인 데이터아키텍처 전문가),일반검정,57,2022-09-18,10:00:00,2022-08-22,2022-08-26,제57회 데이터아키텍처 전문가(DAP),2022-10-21,필기
846,ADP(국가공인 데이터분석 전문가),일반검정,26,2022-09-25,10:00:00,2022-08-29,2022-09-02,제26회 데이터 분석 전문가(ADP)-실기,2022-10-28,실기
847,국가기술 빅데이터분석기사,일반검정,5,2022-10-01,10:00:00,2022-08-29,2022-09-02,제5회 빅데이터분석기사-필기,2022-10-21,필기
848,ADsP(국가공인 데이터분석 준전문가),일반검정,35,2022-10-29,10:00:00,2022-10-04,2022-10-11,제35회 데이터분석 준전문가(ADsP),2022-11-25,필기
849,ADP(국가공인 데이터분석 전문가),일반검정,27,2022-10-29,10:00:00,2022-10-04,2022-10-11,제27회 데이터분석 전문가(ADP)-필기,2022-11-25,필기
850,SQLD(국가공인 SQL 개발자),일반검정,47,2022-11-05,10:00:00,2022-10-11,2022-10-17,제47회 SQL 개발자(SQLD),2022-12-02,필기
851,SQLP(국가공인 SQL 전문가),일반검정,47,2022-11-05,10:00:00,2022-10-11,2022-10-17,제47회 SQL 전문가(SQLP),2022-12-09,필기
852,DAsP(데이터아키텍처 준전문가),일반검정,53,2022-11-19,10:00:00,2022-10-24,2022-10-28,제53회 데이터아키텍처 준전문가(DAsP),2022-12-16,필기
853,DAP(국가공인 데이터아키텍처 전문가),일반검정,58,2022-11-19,10:00:00,2022-10-24,2022-10-28,제58회 데이터아키텍처 전문가(DAP),2022-12-23,필기
854,ADP(국가공인 데이터분석 전문가),일반검정,27,2022-11-26,10:00:00,2022-10-31,2022-11-04,제27회 데이터 분석 전문가(ADP)-실기,2022-12-30,실기
855,국가기술 빅데이터분석기사,일반검정,5,2022-12-03,10:00:00,2022-11-07,2022-11-11,제5회 빅데이터분석기사-실기,2022-12-23,실기
856,ADsP(국가공인 데이터분석 준전문가),일반검정,36,2023-02-26,10:00:00,2023-01-25,2023-01-31,제36회 데이터분석 준전문가(ADsP),2023-03-24,필기
857,ADP(국가공인 데이터분석 전문가),일반검정,28,2023-02-26,10:00:00,2023-01-25,2023-01-31,제28회 데이터분석 전문가(ADP)-필기,2023-03-24,필기
858,ADP(국가공인 데이터분석 전문가),일반검정,28,2023-03-12,10:00:00,2023-02-13,2023-02-17,제28회 데이터 분석 전문가(ADP)-실기,2023-04-14,실기
859,SQLD(국가공인 SQL 개발자),일반검정,48,2023-03-19,10:00:00,2023-02-20,2023-02-24,제48회 SQL 개발자(SQLD),2023-04-14,필기
860,SQLP(국가공인 SQL 전문가),일반검정,48,2023-03-19,10:00:00,2023-02-20,2023-02-24,제48회 SQL 전문가(SQLP),2023-04-21,필기
861,국가기술 빅데이터분석기사,일반검정,6,2023-04-08,10:00:00,2023-03-06,2023-03-10,제6회 빅데이터분석기사-필기,2023-04-28,필기
862,DAsP(데이터아키텍처 준전문가),일반검정,54,2023-04-23,10:00:00,2023-03-20,2023-03-24,제54회 데이터아키텍처 준전문가(DAsP),2023-05-19,필기
863,DAP(국가공인 데이터아키텍처 전문가),일반검정,59,2023-04-23,10:00:00,2023-03-20,2023-03-24,제59회 데이터아키텍처 전문가(DAP),2023-05-26,필기
864,ADsP(국가공인 데이터분석 준전문가),일반검정,37,2023-05-20,10:00:00,2023-04-17,2023-04-21,제37회 데이터분석 준전문가(ADsP),2023-06-16,필기
865,ADP(국가공인 데이터분석 전문가),일반검정,29,2023-05-20,10:00:00,2023-04-17,2023-04-21,제29회 데이터분석 전문가(ADP)-필기,2023-06-16,필기
866,ADP(국가공인 데이터분석 전문가),일반검정,29,2023-06-03,10:00:00,2023-05-02,2023-05-09,제29회 데이터 분석 전문가(ADP)-실기,2023-07-07,실기
867,SQLD(국가공인 SQL 개발자),일반검정,49,2023-06-10,10:00:00,2023-05-08,2023-05-12,제49회 SQL 개발자(SQLD),2023-07-07,필기
868,국가기술 빅데이터분석기사,일반검정,6,2023-06-24,10:00:00,2023-05-22,2023-05-26,제6회 빅데이터분석기사-실기,2023-07-14,실기
869,ADsP(국가공인 데이터분석 준전문가),일반검정,38,2023-08-19,10:00:00,2023-07-17,2023-07-21,제38회 데이터분석 준전문가(ADsP),2023-09-15,필기
870,ADP(국가공인 데이터분석 전문가),일반검정,30,2023-08-19,10:00:00,2023-07-17,2023-07-21,제30회 데이터분석 전문가(ADP)-필기,2023-09-15,필기
871,ADP(국가공인 데이터분석 전문가),일반검정,30,2023-09-02,10:00:00,2023-07-31,2023-08-04,제30회 데이터 분석 전문가(ADP)-실기,2023-10-06,실기
872,SQLD(국가공인 SQL 개발자),일반검정,50,2023-09-09,10:00:00,2023-08-07,2023-08-11,제50회 SQL 개발자(SQLD),2023-10-06,필기
873,SQLP(국가공인 SQL 전문가),일반검정,49,2023-09-09,10:00:00,2023-08-07,2023-08-11,제49회 SQL 전문가(SQLP),2023-10-16,필기
874,국가기술 빅데이터분석기사,일반검정,7,2023-09-23,10:00:00,2023-08-21,2023-08-25,제7회 빅데이터분석기사-필기,2023-10-13,필기
875,DAsP(데이터아키텍처 준전문가),일반검정,55,2023-10-14,10:00:00,2023-09-11,2023-09-15,제55회 데이터아키텍처 준전문가(DAsP),2023-11-10,필기
876,DAP(국가공인 데이터아키텍처 전문가),일반검정,60,2023-10-14,10:00:00,2023-09-11,2023-09-15,제60회 데이터아키텍처 전문가(DAP),2023-11-17,필기
877,ADsP(국가공인 데이터분석 준전문가),일반검정,39,2023-10-21,10:00:00,2023-09-18,2023-09-22,제39회 데이터분석 준전문가(ADsP),2023-11-17,필기
878,ADP(국가공인 데이터분석 전문가),일반검정,31,2023-10-21,10:00:00,2023-09-18,2023-09-22,제31회 데이터분석 전문가(ADP)-필기,2023-11-17,필기
879,ADP(국가공인 데이터분석 전문가),일반검정,31,2023-11-04,10:00:00,2023-10-02,2023-10-06,제31회 데이터 분석 전문가(ADP)-실기,2023-12-08,실기
880,SQLD(국가공인 SQL 개발자),일반검정,51,2023-11-18,10:00:00,2023-10-16,2023-10-20,제51회 SQL 개발자(SQLD),2023-12-15,필기
881,국가기술 빅데이터분석기사,일반검정,7,2023-12-02,10:00:00,2023-10-30,2023-11-03,제7회 빅데이터분석기사-실기,2023-12-22,실기
882,데이터분석 전문가(ADP)-필기,일반검정,32,2024-02-24,10:00:00,2024-01-22,2024-01-26,제32회 데이터분석 전문가(ADP)-필기,2024-03-22,필기
883,데이터분석 준전문가(ADsP),일반검정,40,2024-02-24,10:00:00,2024-01-22,2024-01-26,제40회 데이터분석 준전문가(ADsP),2024-03-22,필기
884,SQL 전문가(SQLP),일반검정,50,2024-03-09,10:00:00,2024-01-29,2024-02-02,제50회 SQL 전문가(SQLP),2024-04-12,필기
885,SQL 개발자(SQLD),일반검정,52,2024-03-09,10:00:00,2024-01-29,2024-02-02,제52회 SQL 개발자(SQLD),2024-04-05,필기
886,데이터아키텍처 전문가(DAP),일반검정,61,2024-03-16,10:00:00,2024-02-12,2024-02-16,제61회 데이터아키텍처 전문가(DAP),2024-04-19,필기
887,데이터아키텍처 준전문가(DAsP),일반검정,56,2024-03-16,10:00:00,2024-02-12,2024-02-16,제56회 데이터아키텍처 준전문가(DAsP),2024-04-12,필기
888,빅데이터분석기사-필기,일반검정,8,2024-04-06,10:00:00,2024-03-04,2024-03-08,제8회 빅데이터분석기사-필기,2024-04-26,필기
889,데이터 분석 전문가(ADP)-실기,일반검정,32,2024-04-27,10:00:00,2024-03-22,2024-03-29,제32회 데이터 분석 전문가(ADP)-실기,2024-05-31,실기
890,데이터분석 준전문가(ADsP),일반검정,41,2024-05-11,10:00:00,2024-04-08,2024-04-12,제41회 데이터분석 준전문가(ADsP),2024-06-07,필기
891,SQL 개발자(SQLD),일반검정,53,2024-05-25,10:00:00,2024-04-22,2024-04-26,제53회 SQL 개발자(SQLD),2024-06-21,필기
892,빅데이터분석기사-실기,일반검정,8,2024-06-22,10:00:00,2024-05-20,2024-05-24,제8회 빅데이터분석기사-실기,2024-07-12,실기
893,데이터분석 전문가(ADP)-필기,일반검정,33,2024-08-10,10:00:00,2024-07-01,2024-07-05,제33회 데이터분석 전문가(ADP)-필기,2024-09-06,필기
894,데이터분석 준전문가(ADsP),일반검정,42,2024-08-10,10:00:00,2024-07-01,2024-07-05,제42회 데이터분석 준전문가(ADsP),2024-09-06,필기
895,SQL 전문가(SQLP),일반검정,51,2024-08-24,10:00:00,2024-07-22,2024-07-26,제51회 SQL 전문가(SQLP),2024-09-27,필기
896,SQL 개발자(SQLD),일반검정,54,2024-08-24,10:00:00,2024-07-22,2024-07-26,제54회 SQL 개발자(SQLD),2024-09-20,필기
897,빅데이터분석기사-필기,일반검정,9,2024-09-07,10:00:00,2024-08-05,2024-08-09,제9회 빅데이터분석기사-필기,2024-09-27,필기
898,데이터아키텍처 전문가(DAP),일반검정,62,2024-09-28,10:00:00,2024-08-26,2024-08-30,제62회 데이터아키텍처 전문가(DAP),2024-11-01,필기
899,데이터아키텍처 준전문가(DAsP),일반검정,57,2024-09-28,10:00:00,2024-08-26,2024-08-30,제57회 데이터아키텍처 준전문가(DAsP),2024-10-25,필기
900,데이터 분석 전문가(ADP)-실기,일반검정,33,2024-10-12,10:00:00,2024-09-09,2024-09-13,제33회 데이터 분석 전문가(ADP)-실기,2024-11-15,실기
901,데이터분석 준전문가(ADsP),일반검정,43,2024-11-03,10:00:00,2024-09-30,2024-10-04,제43회 데이터분석 준전문가(ADsP),2024-11-29,필기
902,SQL 개발자(SQLD),일반검정,55,2024-11-17,10:00:00,2024-10-14,2024-10-18,제55회 SQL 개발자(SQLD),2024-12-13,필기
903,빅데이터분석기사-실기,일반검정,9,2024-11-30,10:00:00,2024-10-28,2024-11-01,제9회 빅데이터분석기사-실기,2024-12-20,실기
904,데이터분석 전문가(ADP)-필기,일반검정,34,2025-02-22,10:00:00,2025-01-20,2025-01-24,제34회 데이터분석 전문가(ADP)-필기,2025-03-21,필기
905,데이터분석 준전문가(ADsP),일반검정,44,2025-02-22,10:00:00,2025-01-20,2025-01-24,제44회 데이터분석 준전문가(ADsP),2025-03-21,필기
906,SQL 개발자(SQLD),일반검정,56,2025-03-08,10:00:00,2025-02-03,2025-02-07,제56회 SQL 개발자(SQLD),2025-04-04,필기
907,SQL 전문가(SQLP),일반검정,52,2025-03-08,10:00:00,2025-02-03,2025-02-07,제52회 SQL 전문가(SQLP),2025-04-04,필기
908,데이터아키텍처 전문가(DAP),일반검정,63,2025-03-22,10:00:00,2025-02-17,2025-02-21,제63회 데이터아키텍처 전문가(DAP),2025-04-18,필기
909,데이터아키텍처 준전문가(DAsP),일반검정,58,2025-03-22,10:00:00,2025-02-17,2025-02-21,제58회 데이터아키텍처 준전문가(DAsP),2025-04-18,필기
910,빅데이터분석기사-필기,일반검정,10,2025-04-05,10:00:00,2025-03-04,2025-03-10,제10회 빅데이터분석기사-필기,2025-04-25,필기
911,데이터 분석 전문가(ADP)-실기,일반검정,34,2025-04-11,10:00:00,2025-05-16,2025-05-20,제34회 데이터 분석 전문가(ADP)-실기,2025-05-23,실기
912,데이터분석 준전문가(ADsP),일반검정,45,2025-05-17,10:00:00,2025-04-14,2025-04-18,제45회 데이터분석 준전문가(ADsP),2025-06-13,필기
913,SQL 개발자(SQLD),일반검정,57,2025-05-31,10:00:00,2025-04-28,2025-05-02,제57회 SQL 개발자(SQLD),2025-06-27,필기
914,빅데이터분석기사-실기,일반검정,10,2025-06-21,10:00:00,2025-05-19,2025-05-23,제10회 빅데이터분석기사-실기,2025-07-11,실기
915,데이터분석 전문가(ADP)-필기,일반검정,35,2025-08-09,10:00:00,2025-07-07,2025-07-11,제35회 데이터분석 전문가(ADP)-필기,2025-09-05,필기
916,데이터분석 준전문가(ADsP),일반검정,46,2025-08-09,10:00:00,2025-07-07,2025-07-11,제46회 데이터분석 준전문가(ADsP),2025-09-05,필기
917,SQL 개발자(SQLD),일반검정,58,2025-08-23,10:00:00,2025-07-21,2025-07-25,제58회 SQL 개발자(SQLD),2025-09-19,필기
918,SQL 전문가(SQLP),일반검정,53,2025-08-23,10:00:00,2025-07-21,2025-07-25,제53회 SQL 전문가(SQLP),2025-09-19,필기
919,빅데이터분석기사-필기,일반검정,11,2025-09-06,10:00:00,2025-08-04,2025-08-08,제11회 빅데이터분석기사-필기,2025-09-26,필기
920,데이터아키텍처 전문가(DAP),일반검정,64,2025-09-27,10:00:00,2025-08-25,2025-08-29,제64회 데이터아키텍처 전문가(DAP),2025-10-24,필기
921,데이터아키텍처 준전문가(DAsP),일반검정,59,2025-09-27,10:00:00,2025-08-25,2025-08-29,제59회 데이터아키텍처 준전문가(DAsP),2025-10-24,필기
922,데이터 분석 전문가(ADP)-실기,일반검정,35,2025-10-02,10:00:00,2025-09-15,2025-09-19,제35회 데이터 분석 전문가(ADP)-실기,2025-11-28,실기
923,데이터분석 준전문가(ADsP),일반검정,47,2025-11-02,10:00:00,2025-09-22,2025-09-26,제47회 데이터분석 준전문가(ADsP),2025-11-28,필기
924,SQL 개발자(SQLD),일반검정,59,2025-11-16,10:00:00,2025-10-13,2025-10-17,제59회 SQL 개발자(SQLD),2025-12-12,필기
925,빅데이터분석기사-실기,일반검정,11,2025-11-29,10:00:00,2025-10-27,2025-10-31,제11회 빅데이터분석기사-실기,2025-12-19,실기
926,데이터분석 전문가(ADP)-필기,일반검정,36,2026-02-07,10:00:00,2026-01-05,2026-01-09,제36회 데이터분석 전문가(ADP)-필기,2026-03-06,필기
927,데이터분석 준전문가(ADsP),일반검정,48,2026-02-07,10:00:00,2026-01-05,2026-01-09,제48회 데이터분석 준전문가(ADsP),2026-03-06,필기
928,SQL 개발자(SQLD),일반검정,60,2026-03-07,10:00:00,2026-02-02,2026-02-06,제60회 SQL 개발자(SQLD),2026-03-27,필기
929,SQL 전문가(SQLP),일반검정,54,2026-03-07,10:00:00,2026-02-02,2026-02-06,제54회 SQL 전문가(SQLP),2026-04-03,필기
930,데이터아키텍처 전문가(DAP),일반검정,65,2026-03-21,10:00:00,2026-02-09,2026-02-13,제65회 데이터아키텍처 전문가(DAP),2026-04-17,필기
931,데이터아키텍처 준전문가(DAsP),일반검정,60,2026-03-21,10:00:00,2026-02-09,2026-02-13,제60회 데이터아키텍처 준전문가(DAsP),2026-04-10,필기
932,빅데이터분석기사-필기,일반검정,12,2026-04-04,10:00:00,2026-03-03,2026-03-09,제12회 빅데이터분석기사-필기,2026-04-27,필기
933,데이터 분석 전문가(ADP)-실기,일반검정,36,2026-05-02,10:00:00,2026-03-30,2026-04-03,제36회 데이터 분석 전문가(ADP)-실기,2026-05-29,실기
934,데이터분석 준전문가(ADsP),일반검정,49,2026-05-17,10:00:00,2026-04-13,2026-04-17,제49회 데이터분석 준전문가(ADsP),2026-06-05,필기
935,SQL 개발자(SQLD),일반검정,61,2026-05-31,10:00:00,2026-04-27,2026-05-01,제61회 SQL 개발자(SQLD),2026-06-19,필기
936,빅데이터분석기사-실기,일반검정,12,2026-06-20,10:00:00,2026-05-18,2026-05-22,제12회 빅데이터분석기사-실기,2026-07-10,실기
937,데이터분석 전문가(ADP)-필기,일반검정,37,2026-08-08,10:00:00,2026-07-06,2026-07-10,제37회 데이터분석 전문가(ADP)-필기,2026-09-04,필기
938,데이터분석 준전문가(ADsP),일반검정,50,2026-08-08,10:00:00,2026-07-06,2026-07-10,제50회 데이터분석 준전문가(ADsP),2026-08-28,필기
939,SQL 개발자(SQLD),일반검정,62,2026-08-22,10:00:00,2026-07-20,2026-07-24,제62회 SQL 개발자(SQLD),2026-09-11,필기
940,SQL 전문가(SQLP),일반검정,55,2026-08-22,10:00:00,2026-07-20,2026-07-24,제55회 SQL 전문가(SQLP),2026-09-18,필기
941,빅데이터분석기사-필기,일반검정,13,2026-09-05,10:00:00,2026-08-03,2026-08-07,제13회 빅데이터분석기사-필기,2026-09-23,필기
942,데이터아키텍처 전문가(DAP),일반검정,66,2026-09-19,10:00:00,2026-08-14,2026-08-21,제66회 데이터아키텍처 전문가(DAP),2026-10-16,필기
943,데이터아키텍처 준전문가(DAsP),일반검정,61,2026-09-19,10:00:00,2026-08-14,2026-08-21,제61회 데이터아키텍처 준전문가(DAsP),2026-10-08,필기
944,데이터 분석 전문가(ADP)-실기,일반검정,37,2026-10-17,10:00:00,2026-09-14,2026-09-18,제37회 데이터 분석 전문가(ADP)-실기,2026-11-13,실기
945,데이터분석 준전문가(ADsP),일반검정,51,2026-10-31,10:00:00,2026-09-28,2026-10-02,제51회 데이터분석 준전문가(ADsP),2026-11-20,필기
946,SQL 개발자(SQLD),일반검정,63,2026-11-14,10:00:00,2026-10-12,2026-10-16,제63회 SQL 개발자(SQLD),2026-12-04,필기
947,빅데이터분석기사-실기,일반검정,13,2026-11-28,10:00:00,2026-10-26,2026-10-30,제13회 빅데이터분석기사-실기,2026-12-18,실기
